Key	Korean	English
PropertyGrid.Type.EdgeBasedMatchingProperty.USE_UNIQUE_MATCH_VALIDATION.DisplayName	고유 매칭 요구	Require unique match
PropertyGrid.Type.EdgeBasedMatchingProperty.USE_UNIQUE_MATCH_VALIDATION.Description	공간적으로 분리된 후보가 정확히 하나일 때만 통과합니다. 내부 후보 Top-K를 유지하며 점수 여유 기준을 통과하지 못하면 결과 없이 Ambiguous로 종료합니다.	Require exactly one spatially distinct candidate. This opt-in mode keeps internal Top-K candidates and returns Ambiguous with no match when the score-margin gate fails.
PropertyGrid.Type.EdgeBasedMatchingProperty.UNIQUE_MATCH_MIN_SCORE_MARGIN.DisplayName	최소 고유 점수 여유	Min unique margin
PropertyGrid.Type.EdgeBasedMatchingProperty.UNIQUE_MATCH_MIN_SCORE_MARGIN.Description	선택 후보와 가장 강한 공간 분리 후보 사이에 요구하는 정규화 0..1 점수 차이입니다. 고유 매칭 요구를 켰을 때만 사용합니다.	Minimum normalized 0..1 score difference between the selected candidate and the strongest spatially distinct candidate. Used only when Require unique match is enabled.
PropertyGrid.Category.Auto_MPoint	자동 MPoint	Auto MPoint
PropertyGrid.Type.EdgeBasedMatchingProperty.AUTO_MPOINT_USE_ANALYSIS_ROI.DisplayName	분석 ROI 사용	Use analysis ROI
PropertyGrid.Type.EdgeBasedMatchingProperty.AUTO_MPOINT_USE_ANALYSIS_ROI.Description	검토한 분석 ROI 안에서만 자동 패턴 후보를 찾습니다. 이 학습 설정을 바꿔도 매칭 미리보기는 자동 실행되지 않습니다.	Restrict automatic pattern candidate analysis to the reviewed analysis ROI. This teaching option never runs matching Preview by itself.
PropertyGrid.Type.EdgeBasedMatchingProperty.AUTO_MPOINT_ANALYSIS_ROI.DisplayName	분석 ROI	Analysis ROI
PropertyGrid.Type.EdgeBasedMatchingProperty.AUTO_MPOINT_ANALYSIS_ROI.Description	Auto MPoint가 식별력 있는 패턴 후보를 찾을 원본 이미지 영역입니다.	Optional source-image region in which Auto MPoint searches for distinctive pattern candidates.
PropertyGrid.Type.EdgeBasedMatchingProperty.AUTO_MPOINT_PATTERN_WIDTH.DisplayName	패턴 너비	Pattern width
PropertyGrid.Type.EdgeBasedMatchingProperty.AUTO_MPOINT_PATTERN_WIDTH.Description	각 후보 패턴 창의 픽셀 너비입니다.	Width in pixels of each candidate pattern window.
PropertyGrid.Type.EdgeBasedMatchingProperty.AUTO_MPOINT_PATTERN_HEIGHT.DisplayName	패턴 높이	Pattern height
PropertyGrid.Type.EdgeBasedMatchingProperty.AUTO_MPOINT_PATTERN_HEIGHT.Description	각 후보 패턴 창의 픽셀 높이입니다.	Height in pixels of each candidate pattern window.
PropertyGrid.Type.EdgeBasedMatchingProperty.AUTO_MPOINT_STRIDE.DisplayName	후보 간격	Candidate stride
PropertyGrid.Type.EdgeBasedMatchingProperty.AUTO_MPOINT_STRIDE.Description	후보 창 사이의 픽셀 간격입니다. 작을수록 더 많은 위치를 검사하고 시간이 오래 걸립니다.	Grid interval in pixels between candidate windows. Smaller values inspect more positions and take longer.
PropertyGrid.Type.EdgeBasedMatchingProperty.AUTO_MPOINT_MAX_RESULTS.DisplayName	최대 제안 수	Max suggestions
PropertyGrid.Type.EdgeBasedMatchingProperty.AUTO_MPOINT_MAX_RESULTS.Description	작업자가 검토할 수 있도록 표시하는 최대 통과 후보 수입니다.	Maximum number of accepted suggestions shown for operator review.
PropertyGrid.Type.EdgeBasedMatchingProperty.AUTO_MPOINT_MIN_FEATURE_QUALITY.DisplayName	최소 특징 품질	Min feature quality
PropertyGrid.Type.EdgeBasedMatchingProperty.AUTO_MPOINT_MIN_FEATURE_QUALITY.Description	정확 매칭 검증 전에 요구하는 대비·엣지 분포·방향 균형의 정규화 품질 하한입니다.	Minimum normalized contrast, edge coverage, and directional-balance quality required before exact matching checks.
PropertyGrid.Type.EdgeBasedMatchingProperty.AUTO_MPOINT_MIN_UNIQUENESS.DisplayName	최소 고유성	Min uniqueness
PropertyGrid.Type.EdgeBasedMatchingProperty.AUTO_MPOINT_MIN_UNIQUENESS.Description	학습 위치 점수와 가장 강한 경쟁 위치 점수의 최소 차이입니다. 반복 패턴이 많은 이미지에서는 높이십시오.	Minimum score margin between the taught location and the strongest competing location. Raise this for repetitive images.
PropertyGrid.Type.EdgeBasedMatchingProperty.AUTO_MPOINT_MAX_POSITION_ERROR.DisplayName	최대 위치 오차	Max position error
PropertyGrid.Type.EdgeBasedMatchingProperty.AUTO_MPOINT_MAX_POSITION_ERROR.Description	제안 패턴이 합성 재배치 검증에서 허용할 최대 픽셀 위치 오차입니다.	Maximum synthetic relocation error in pixels allowed for a suggested pattern.
PropertyGrid.Type.EdgeBasedMatchingProperty.AUTO_MPOINT_MIN_REPRESENTATIVE_IMAGES.DisplayName	최소 대표 이미지 수	Min representative images
PropertyGrid.Type.EdgeBasedMatchingProperty.AUTO_MPOINT_MIN_REPRESENTATIVE_IMAGES.Description	실제 이미지 매칭률로 후보를 자동 선정할 때 필요한 추가 대표 이미지의 최소 개수입니다.	Minimum number of additional representative images required when Auto MPoint ranks candidates by actual cross-image matching performance.
PropertyGrid.Type.EdgeBasedMatchingProperty.AUTO_MPOINT_MIN_REPRESENTATIVE_SUCCESS_RATE.DisplayName	최소 대표 성공률	Min representative success
PropertyGrid.Type.EdgeBasedMatchingProperty.AUTO_MPOINT_MIN_REPRESENTATIVE_SUCCESS_RATE.Description	선택한 대표 이미지에서 요구하는 0..1 매칭 성공률입니다. 이 값보다 낮은 후보는 탈락합니다.	Minimum 0..1 matching success rate across the selected representative images. Candidates below this rate are rejected.
VisionTool.AutoMPoint.Title	Auto MPoint 최적 패턴	Auto MPoint best pattern
VisionTool.AutoMPoint.Suggested	자동 1순위	Automatic best
VisionTool.AutoMPoint.Analyze	최적 패턴 찾기	Find best pattern
VisionTool.AutoMPoint.AnalyzeToolTip	현재 기준 이미지에서 후보를 만들고 선택한 대표 이미지의 실제 매칭 성공률로 최적 패턴을 선정합니다. Preview/Run 또는 레이어 변경은 실행하지 않습니다.	Generate candidates from the current reference image and select the best pattern by actual matching success across the representative images. This does not run Preview/Run or change layers.
VisionTool.AutoMPoint.RepresentativeImages	대표 이미지 선택	Select representative images
VisionTool.AutoMPoint.RepresentativeImagesToolTip	같은 제품·촬영 조건의 대표 이미지 여러 장을 선택합니다. Auto MPoint는 이 이미지들의 실제 매칭 성공률, 최소 고유성, 평균 점수 순으로 후보를 정렬합니다.	Select multiple representative images of the same product and imaging condition. Auto MPoint ranks candidates by actual success rate, minimum uniqueness, then mean score.
VisionTool.AutoMPoint.RepresentativeCountFormat	대표 이미지 {0}장	{0} representative images
VisionTool.AutoMPoint.RepresentativeLoadedFormat	대표 이미지 {0}장을 선택했습니다. 최적 패턴 찾기를 실행하십시오.	Selected {0} representative images. Run Find best pattern.
VisionTool.AutoMPoint.UsePattern	이 패턴 사용	Use this pattern
VisionTool.AutoMPoint.UsePatternToolTip	선택한 제안 ROI를 템플릿으로 저장합니다. 적용 후 매칭 미리보기는 작업자가 명시적으로 실행해야 합니다.	Save the selected suggested ROI as the template. The operator must run matching Preview explicitly afterward.
VisionTool.AutoMPoint.CandidateList	Auto MPoint 제안 후보 목록	Auto MPoint suggestion list
VisionTool.AutoMPoint.Ready	대표 이미지 3장 이상을 선택하면 실제 매칭률로 최적 패턴 하나를 자동 선정합니다.	Select at least three representative images to automatically choose one best pattern by actual matching performance.
VisionTool.AutoMPoint.NoImage	먼저 입력 이미지를 불러오십시오.	Load an input image first.
VisionTool.AutoMPoint.NoSelection	적용할 제안 후보를 선택하십시오.	Select a suggestion to apply.
VisionTool.AutoMPoint.Analyzing	후보를 만들고 대표 이미지의 실제 매칭 성공률·고유성·속도를 비교하는 중입니다.	Generating candidates and comparing actual matching success, uniqueness, and runtime across the representative images.
VisionTool.AutoMPoint.SuccessFormat	제안 후보 {0}개입니다. 대표 이미지가 없으면 단일 이미지 추천이며, Preview는 별도로 실행해야 합니다.	{0} suggestions found. Without representative images this is a single-image suggestion; Preview must still be run separately.
VisionTool.AutoMPoint.RepresentativeSuccessFormat	대표 이미지 {0}장 중 {1}장 매칭 성공({2:0.0}%). 최적 후보 #{3}을 자동 선택했습니다. 드로잉을 확인한 뒤 적용하십시오.	Matched {1} of {0} representative images ({2:0.0}%). Automatically selected best candidate #{3}. Review the drawing before applying it.
VisionTool.AutoMPoint.FailedFormat	후보 분석 실패: {0} - {1}	Candidate analysis failed: {0} - {1}
VisionTool.AutoMPoint.Changed	입력 이미지 또는 분석 조건이 바뀌었습니다. 후보를 다시 분석하십시오.	The input image or analysis settings changed. Analyze candidates again.
VisionTool.AutoMPoint.AppliedFormat	제안 #{0}을 템플릿으로 저장했습니다: {1}. 매칭 Preview는 자동 실행하지 않았습니다.	Saved suggestion #{0} as the template: {1}. Matching Preview was not run automatically.
VisionTool.AutoMPoint.SaveFailed	선택한 후보 템플릿을 저장하지 못했습니다.	Failed to save the selected candidate template.
VisionTool.AutoMPoint.ExportReport	N-이미지 보고서 저장	Save N-image report
VisionTool.AutoMPoint.ExportReportToolTip	이미 계산한 선택 후보의 전체 대표 이미지 결과표와 결정적 검토 드로잉을 자체 포함 HTML로 저장합니다. 매칭, Preview/Run, 패턴 적용 또는 레이어 변경을 다시 실행하지 않습니다.	Save the already-computed selected candidate results and deterministic review drawings as a self-contained HTML file. This does not rerun matching, Preview/Run, pattern apply, or layer changes.
VisionTool.AutoMPoint.ReportExportedFormat	N-이미지 증빙 보고서를 저장했습니다: {0}	Saved N-image evidence report: {0}
VisionTool.AutoMPoint.ReportExportFailedFormat	N-이미지 보고서 저장 실패: {0}	Failed to save N-image report: {0}
Shell.MainAction.ReadyBadge	준비	Ready
Shell.MainAction.ImageReadyTitle	이미지 준비됨	Image ready
Shell.MainAction.ImageReadyDetail	다음: 도구 선택 -> 미리보기 실행/확인 -> 파이프라인 추가	Next: select a tool -> run/check preview -> add to pipeline
Shell.MainAction.ImageReadyRoute	도구 선택 -> 미리보기 실행/확인	Select tool -> run/check preview
Shell.MainAction.ImageReadyStatus	파이프라인 추가 가능	Pipeline can be added
Shell.WorkspaceStatus.EmptyBadge	시작	Start
Shell.WorkspaceStatus.EmptyTitle	이미지를 로드하세요	Load an image
Shell.WorkspaceStatus.EmptyRoute	이미지 로드 또는 샘플 열기	Load image or open sample
Shell.WorkspaceStatus.EmptyStatus	이미지 준비 후 도구 선택	Select a tool after image is ready
Shell.WorkspaceStatus.SampleTitle	샘플 파이프라인 준비됨	Sample pipeline ready
Shell.WorkspaceStatus.SampleRoute	Pipeline Review 열기 -> Run Review 또는 첫 Step 열기	Open Pipeline Review -> Run Review or first step
Shell.WorkspaceStatus.SampleStatus	미리보기는 수동 실행	Preview runs manually
Shell.WorkspaceEmptyStepLoadTitle	1. 이미지 준비	1. Prepare image
Shell.WorkspaceEmptyStepLoadDetail	산업 이미지나 공개 샘플을 Main 레이어에 엽니다.	Open an industrial image or public sample in the Main layer.
Shell.WorkspaceEmptyStepSelectTitle	2. 도구 설정	2. Configure tool
Shell.WorkspaceEmptyStepSelectDetail	검사 목적에 맞는 도구를 열고 PropertyGrid 값을 조정합니다.	Open the tool for the inspection goal and adjust its PropertyGrid values.
Shell.WorkspaceEmptyStepPipelineTitle	3. Pipeline 구성	3. Build pipeline
Shell.WorkspaceEmptyStepPipelineDetail	Preview로 확인한 Step을 검사 순서와 레이어 경로로 연결합니다.	Connect previewed steps in inspection order with their layer routes.
Shell.WorkspaceEmptyStepPreviewTitle	4. 결과 검증	4. Validate results
Shell.WorkspaceEmptyStepPreviewDetail	명시적으로 Run한 뒤 출력, 지표, Good/Bad 증거를 비교합니다.	Run explicitly, then compare output, metrics, and Good/Bad evidence.
Shell.WorkspaceEmptySampleButton	샘플 열기	Open Sample
Shell.WorkspaceEmptyGuideButton	Learn 열기	Open Learn
Shell.WorkspaceEmptyPipelineButton	Pipeline 열기	Open Pipeline
Shell.WorkspaceEmptyLogHint	처음이면 Learn과 공개 샘플로 익히십시오. 실제 이미지를 연 뒤에는 확대, 이동, 픽셀 값과 실행 로그로 근거를 확인합니다.	Start with Learn and public samples. For real images, use zoom, pan, pixel values, and the Run Log to inspect the evidence.
Shell.WorkspaceFitImage	이미지 맞춤	Fit Image
Shell.WorkspaceSaveImage	이미지 저장	Save Image
VisionTool.Verification.PreviewNotRun	미리보기 전	Preview not run
VisionTool.Verification.RunPreview	미리보기 실행	Run Preview
VisionTool.Verification.AddToPipeline	파이프라인 추가	Add to Pipeline
VisionTool.Verification.CheckResultThenAddPipeline	결과 확인 후 파이프라인 추가	Check the result, then add to pipeline
VisionTool.Verification.AdjustAreaThreshold	이진화/면적/ROI 조정	Adjust threshold, area, or ROI
VisionTool.Verification.AdjustRoiContrastScan	ROI/대비/스캔 설정 조정	Adjust ROI, contrast, or scan settings
VisionTool.Verification.HeaderFormat	{0} 검증	{0} verification
VisionTool.Verification.NextActionFormat	다음: {0}	Next: {0}
VisionTool.Verification.CompactGuideFormat	{0} / {1} / {2} / {3}	{0} / {1} / {2} / {3}
VisionTool.Verification.ResultGuidanceFormat	{0} / 합격 기준: {1} / {2} / 다음: {3}	{0} / Criteria: {1} / {2} / Next: {3}
VisionTool.Verification.AreaSuccessReasonFormat	검출 {0}개 / 최대 면적 {1:0.#}	Count {0}, max area {1:0.#}.
VisionTool.Verification.AreaFailureReason	현재 면적/이진화 기준을 통과한 결과 없음	No result passed the current area/threshold criteria.
VisionTool.AreaReview.BoxFormat	최대 박스 {0:0.#}x{1:0.#}	Max box {0:0.#}x{1:0.#}.
VisionTool.AreaReview.BlobSuccessHint	블랍 면적/이진화/ROI 기준을 통과했습니다. 영역 개수와 최대 면적을 확인하세요.	Blob area/threshold/ROI criteria passed; check region count and largest area.
VisionTool.AreaReview.ContourSuccessHint	컨투어 면적/이진화/ROI 기준을 통과했습니다. 외곽선과 개수를 확인하세요.	Contour area/threshold/ROI criteria passed; check object outline and count.
VisionTool.AreaReview.SuccessHint	면적/이진화/ROI 기준을 통과했습니다. 영역 개수와 최대 면적을 확인하세요.	Area/threshold/ROI criteria passed; check region count and largest area.
VisionTool.AreaReview.MultipleCandidateRisk	여러 영역이 통과했습니다. 의도와 다르면 ROI를 좁히거나 면적/이진화 기준을 조정하세요.	Multiple regions passed; if this is not expected, narrow the ROI or tighten area/threshold limits.
VisionTool.AreaReview.BlobFailureCause	원인 후보: 이진화 범위, ROI, 면적 제한, 마스킹, 모폴로지 크기를 확인하세요.	Cause candidates: threshold range, ROI, area limits, masking, or morphology size.
VisionTool.AreaReview.ContourFailureCause	원인 후보: 이진화 범위, ROI, 면적 제한, 컨투어 검색 방식, 약한 외곽선을 확인하세요.	Cause candidates: threshold range, ROI, area limits, retrieval mode, or weak object boundary.
VisionTool.AreaReview.FailureCause	원인 후보: 이진화 범위, ROI, 면적 제한, 약한 대비를 확인하세요.	Cause candidates: threshold range, ROI, area limits, or weak contrast.
VisionTool.Verification.LineEdgeReasonFormat	라인 {0}개 / 엣지점 {1}	Lines {0}, edge {1}.
VisionTool.Verification.LineEdgeFailureReason	현재 기준을 통과한 라인 엣지 없음	No line edge passed the current criteria.
VisionTool.Verification.LineDistanceReasonFormat	거리 {0:0.#} px / 검출 {1:0}개	Distance {0:0.#} px, count {1:0}.
VisionTool.Verification.LineDistanceFailureReason	거리 결과 없음	Distance not found.
VisionTool.Verification.LineIntersectionSuccessReason	교차점 발견	Intersection cross found.
VisionTool.Verification.LineIntersectionFailureReason	교차점 없음	Intersection cross not found.
VisionTool.Verification.PreviewNotRunCurrentParameters	미리보기 전 / 현재 파라미터 확인은 미리보기 실행	Preview not run / Run Preview to verify current parameters.
VisionTool.Verification.PreviewNotRunCurrentRoute	미리보기 전 / 현재 입력과 출력 레이어 확인은 미리보기 실행	Preview not run / Run Preview to verify the current input and output layer.
VisionTool.Verification.TeachingStateFormat	{0} 설정 확인	{0} teaching
VisionTool.Verification.ResultStateFormat	{0} 결과 / {1}	{0} result / {1}
VisionTool.Verification.AreaCriteriaFormat	면적 {0}-{1} / {2} / {3} / {4}	Area {0}-{1} / {2} / {3} / {4}
VisionTool.Verification.ThresholdFormat	이진화 {0:0.#}	T {0:0.#}
VisionTool.Verification.LineCriteriaFormat	{0} {1} / 대비 {2:0.#} / 간격 {3:0.#} / {4}	{0} {1} / C{2:0.#} / S{3:0.#} / {4}
VisionTool.Review.ResultNotRun	결과 대기	Result not run
VisionTool.Review.Label.Decision	판정	Decision
VisionTool.Review.Label.Criteria	기준	Criteria
VisionTool.Review.Label.Count	검출	Count
VisionTool.Review.Label.State	상태	State
VisionTool.Review.Label.MaxArea	최대 면적	Max area
VisionTool.Review.Label.Center	중심	Center
VisionTool.Review.Label.Box	박스	Box
VisionTool.Review.Label.Score	점수	Score
VisionTool.Review.Label.Angle	각도	Angle
VisionTool.Review.Label.Scale	배율	Scale
VisionTool.Review.Label.Tact	처리	Tact
VisionTool.Review.Label.Mean	평균	Mean
VisionTool.Review.Label.Range	범위	Range
VisionTool.Review.Label.Type	방식	Type
VisionTool.Review.Label.Pixels	픽셀	Pixels
VisionTool.Review.Label.Input	입력	Input
VisionTool.Review.Label.Output	출력	Output
VisionTool.Review.Label.Contrast	대비	Contrast
VisionTool.Review.Label.Distance	거리	Distance
VisionTool.Review.Label.Length	길이	Length
VisionTool.Review.Label.Lines	라인	Lines
VisionTool.Review.Label.Edge	엣지	Edge
VisionTool.Review.Label.Point	점	Point
VisionTool.Review.Label.Cross	교차	Cross
VisionTool.Review.Label.Mm	mm	mm
VisionTool.Review.NoResult	결과 없음	no result
VisionTool.Review.NoBlob	블랍 없음	no blob
VisionTool.Review.NoContour	컨투어 없음	no contour
VisionTool.Review.NoMatch	매칭 없음	no match
VisionTool.Review.NoEdge	엣지 없음	no edge
VisionTool.Review.NeedPair	라인 2개 필요	need pair
VisionTool.Review.CrossYes	예	Yes
VisionTool.Review.CrossNo	아니오	No
VisionTool.Review.FullImage	전체 이미지	Full image
VisionTool.Review.FullImageRoiFallback	전체 이미지 (ROI 미지정)	Full image (ROI not set)
VisionTool.Review.RoiOn	ROI 사용	ROI on
VisionTool.Review.MultiRoi	다중 ROI	Multi ROI
VisionTool.Review.ThresholdOff	이진화 꺼짐	T off
VisionTool.Review.MaskOn	마스크 사용	Mask on
VisionTool.Review.MaskOff	마스크 꺼짐	Mask off
VisionTool.Review.AngleOn	각도 탐색 사용	Angle on
VisionTool.Review.AngleOff	각도 탐색 꺼짐	Angle off
VisionTool.Review.ScaleOn	배율 탐색 사용	Scale on
VisionTool.Review.ScaleOff	배율 탐색 꺼짐	Scale off
VisionTool.Review.PyramidOn	피라미드 사용	Pyramid on
VisionTool.Review.OriginalImage	원본	Original
VisionTool.Verification.AdaptiveThresholdFormat	적응형 {0:0.#}	Adaptive {0:0.#}
VisionTool.TemplateStatus.ReadyFormat	템플릿 준비 / {0}	Template ready / {0}
VisionTool.TemplateStatus.MissingFormat	템플릿 파일 없음 / {0}	Template file missing / {0}
VisionTool.TemplateStatus.NotSelected	템플릿 미선택	Template not selected
VisionTool.Review.FeatureRatioCriteriaFormat	Ratio <= {0:0.###}	Ratio <= {0:0.###}
VisionTool.Review.RansacCriteriaFormat	RANSAC {0:0.#}	RANSAC {0:0.#}
VisionTool.Line.PurposeLabel	목적	Purpose
VisionTool.Line.SettingLabel	라인	Setting
VisionTool.Line.Purpose.Edge	엣지	Edge
VisionTool.Line.Purpose.Measure	측정	Measure
VisionTool.Line.Purpose.Intersection	교차	Intersection
VisionTool.Line.LineA	Line A	Line A
VisionTool.Line.LineB	Line B	Line B
VisionTool.Line.EditSelectedRoiToolTip	선택 라인 ROI 편집	Edit selected line ROI
VisionTool.Line.Purpose.EdgeHint	선택 라인의 엣지점과 피팅 라인 안정성을 확인합니다.	Edge points and fitted line stability for the selected line
VisionTool.Line.Purpose.MeasureHint	Line A 스캔 라인과 Line B 엣지 교차 거리 측정입니다.	Line A scan lines to Line B edge intersections
VisionTool.Line.Purpose.IntersectionHint	Line A와 Line B 피팅 라인의 교차점을 확인합니다.	Intersection point from Line A and Line B fit-line crossing
VisionTool.Review.ScoreThresholdLabel	점수 >=	Score >=
VisionTool.Review.AreaSummaryFormat	{0} / 검출 {1}개 / 최대 면적 {2:0.#} / 중심 {3:0.#},{4:0.#} / 박스 {5:0.#}x{6:0.#}	{0} / Count {1} / Max area {2:0.#} / Center {3:0.#},{4:0.#} / Box {5:0.#}x{6:0.#}
VisionTool.Review.AreaEmptySummaryFormat	{0} / 검출 0개 / {1}	{0} / Count 0 / {1}
VisionTool.Review.MeanSummaryFormat	Mean / 평균 {0:0.0} / 범위 {1} / 검출 {2}개	Mean / Avg {0:0.0} / Range {1} / Count {2}
VisionTool.Review.HsvSummaryFormat	HSV / 선택 {0:0.0}% / {1}	HSV / Selected {0:0.0}% / {1}
VisionTool.Review.HistogramSummaryFormat	Histogram / {0} / 평균 {1:0.0}->{2:0.0} / 대비 {3:0.0}->{4:0.0}	Histogram / {0} / Mean {1:0.0}->{2:0.0} / Contrast {3:0.0}->{4:0.0}
VisionTool.Review.MatchCountCriteriaFormat	매칭 {0}개	Match {0}
VisionTool.Review.CannyCriteriaFormat	Canny {0}	Canny {0}
VisionTool.Review.SearchCriteriaFormat	탐색 {0}	Search {0}
VisionTool.Review.PointsCriteriaFormat	포인트 {0}	Points {0}
VisionTool.Review.MatchingSummaryFormat	{0} / 검출 {1}개 / 점수 {2:0.000} / 중심 {3:0.#},{4:0.#} / 박스 {5:0.#}x{6:0.#} / 각도 {7:0.###}{8}{9}	{0} / Count {1} / Score {2:0.000} / Center {3:0.#},{4:0.#} / Box {5:0.#}x{6:0.#} / Angle {7:0.###}{8}{9}
VisionTool.Review.MatchingEmptySummaryFormat	{0} / 검출 0개 / 매칭 없음	{0} / Count 0 / no match
VisionTool.Review.LineEdgeEmptySummary	엣지 / 검출 0개 / 엣지 없음	Edge / Count 0 / no edge
VisionTool.Review.LineDistanceEmptySummary	측정 / 거리 없음 / 검출 0개	Measure / Distance none / Count 0
VisionTool.Review.LineDistanceSummaryWithMmFormat	측정 / 거리 {0:0.#} px / {1:0.###} mm / 검출 {2:0}개	Measure / Distance {0:0.#} px / {1:0.###} mm / Count {2:0}
VisionTool.Review.LineDistanceSummaryFormat	측정 / 거리 {0:0.#} px / 검출 {1:0}개	Measure / Distance {0:0.#} px / Count {1:0}
VisionTool.Review.LineIntersectionSummaryFormat	교차 / 점 {0:0},{1:0} / 교차 {2} / 엣지 {3:0}	Intersection / Point {0:0},{1:0} / Cross {2} / Edge {3:0}
VisionTool.Review.LineIntersectionNoCrossSummaryFormat	교차 / 교차 아니오 / 엣지 {0:0}	Intersection / Cross No / Edge {0:0}
VisionTool.Review.LineMeasureSummaryFormat	측정 / 길이 {0:0.#} px / {1:0.###} mm / 각도 {2:0.#} deg	Measure / Length {0:0.#} px / {1:0.###} mm / Angle {2:0.#} deg
VisionTool.Review.LineEdgeSummaryFormat	엣지 / 라인 {0}개 / 엣지 {1} / 길이 {2:0.#}	Edge / Count {0} / Edge {1} / Length {2:0.#}
VisionTool.Review.LineNeedPairSummaryFormat	교차 / 라인 2개 필요 / 엣지 {0}	Intersection / Need pair / Edge {0}
VisionTool.MatchingGuide.Header	검증 흐름	Verification Flow
VisionTool.MatchingGuide.EdgeHeader	엣지 매칭 검증	Edge Match Verification
VisionTool.MatchingGuide.FeatureHeader	특징 매칭 검증	Feature Match Verification
VisionTool.MatchingGuide.ReadyState	상태: 템플릿 준비 / 미리보기 실행 가능	State: template ready / preview available
VisionTool.MatchingGuide.EdgeReadyState	상태: 템플릿 준비 / 엣지 후보 검증 대기	State: template ready / waiting for edge candidate verification
VisionTool.MatchingGuide.FeatureReadyState	상태: 템플릿 준비 / 특징점 후보 검증 대기	State: template ready / waiting for feature candidate verification
VisionTool.MatchingGuide.NotReadyState	상태: 템플릿 필요 / 미리보기 전 준비 필요	State: template required / prepare before preview
VisionTool.MatchingGuide.EdgeNotReadyState	상태: 템플릿 필요 / 패턴 경로 등록 필요	State: template required / register a pattern path
VisionTool.MatchingGuide.FeatureNotReadyState	상태: 특징 템플릿 필요 / 패턴 경로 등록 필요	State: feature template required / register a pattern path
VisionTool.MatchingGuide.ReadyNext	입력/출력 레이어를 확인하고 미리보기 실행	Check input/output layers and run preview
VisionTool.MatchingGuide.EdgeReadyNext	미리보기 실행 후 엣지 박스와 출력 레이어 확인	Run preview, then check edge boxes and the output layer
VisionTool.MatchingGuide.FeatureReadyNext	미리보기 실행 후 특징 박스와 출력 레이어 확인	Run preview, then check feature boxes and the output layer
VisionTool.MatchingGuide.NotReadyNext	패턴 경로에서 템플릿을 등록한 뒤 미리보기 실행	Register a template from the pattern path, then run preview
VisionTool.MatchingGuide.EdgeNotReadyNext	패턴 경로에서 템플릿을 등록한 뒤 미리보기 실행	Register a template from the pattern path, then run preview
VisionTool.MatchingGuide.FeatureNotReadyNext	패턴 경로에서 특징 템플릿을 등록한 뒤 미리보기 실행	Register a feature template from the pattern path, then run preview
VisionTool.MatchingGuide.DecisionStateFormat	상태: {0}	State: {0}
VisionTool.MatchingGuide.CompactStateFormat	{0} / {1}	{0} / {1}
VisionTool.MatchingGuide.CriteriaFallback	합격 기준: 결과 위치와 오버레이 확인	Pass criteria: check result position and overlay
VisionTool.MatchingGuide.EdgeCriteriaFallback	합격 기준: 엣지 박스, 점수, 출력 레이어 확인	Pass criteria: check edge boxes, score, and output layer
VisionTool.MatchingGuide.FeatureCriteriaFallback	합격 기준: 특징점 기하와 출력 레이어 확인	Pass criteria: check feature geometry and output layer
VisionTool.MatchingGuide.CriteriaFormat	합격 기준: {0}	Pass criteria: {0}
VisionTool.MatchingGuide.NextActionFormat	다음: {0}	Next: {0}
VisionTool.MatchingGuide.SuccessNext	결과 박스와 출력 레이어를 확인한 뒤 파이프라인에 추가	Check result boxes and the output layer, then add to pipeline
VisionTool.MatchingGuide.EdgeSuccessNext	엣지 박스와 출력 레이어를 확인한 뒤 파이프라인에 추가	Check edge boxes and the output layer, then add to pipeline
VisionTool.MatchingGuide.FeatureSuccessNext	특징 박스와 출력 레이어를 확인한 뒤 파이프라인에 추가	Check feature boxes and the output layer, then add to pipeline
VisionTool.MatchingGuide.FailureNext	템플릿 ROI, 최소 점수, 매칭 개수를 조정하고 다시 미리보기	Adjust template ROI, min score, and match count, then run preview again
VisionTool.MatchingGuide.EdgeFailureNext	템플릿 ROI, Canny 범위, 최소 점수, 매칭 개수를 조정하고 다시 미리보기	Adjust template ROI, Canny range, min score, and match count, then run preview again
VisionTool.MatchingGuide.FeatureFailureNext	특징 템플릿, Ratio, RANSAC 허용 오차를 조정하고 다시 미리보기	Adjust feature template, ratio, and RANSAC tolerance, then run preview again
VisionTool.MatchingReview.NoCandidateReason	현재 기준을 통과한 후보가 없습니다.	No candidate passed the current criteria.
VisionTool.MatchingReview.EdgeNoCandidateReason	현재 Canny/점수 기준을 통과한 엣지 후보가 없습니다.	No edge candidate passed the current Canny/score criteria.
VisionTool.MatchingReview.NoCandidateNext	템플릿 재등록, ROI 조정, 최소 점수 조정 후 다시 미리보기	Re-register the template, adjust ROI or min score, then run preview again
VisionTool.MatchingReview.EdgeNoCandidateNext	템플릿 ROI, Canny 범위, 최소 점수, 매칭 개수를 조정하고 다시 미리보기	Adjust template ROI, Canny range, min score, and match count, then run preview again
VisionTool.MatchingReview.ScoreFailReasonFormat	최고 점수 {0:0.###}가 기준 {1:0.###}보다 낮습니다.	Best score {0:0.###} is below the criteria {1:0.###}.
VisionTool.MatchingReview.EdgeScoreFailReasonFormat	최고 엣지 점수 {0:0.###}가 기준 {1:0.###}보다 낮습니다.	Best edge score {0:0.###} is below the criteria {1:0.###}.
VisionTool.MatchingReview.CountFailReasonFormat	검출 {0}개가 요구 {1}개보다 적습니다.	Detected count {0} is below the required {1}.
VisionTool.MatchingReview.EdgeCountFailReasonFormat	엣지 후보 {0}개가 요구 {1}개보다 적습니다.	Edge candidate count {0} is below the required {1}.
VisionTool.MatchingReview.SuccessReason	점수와 개수 기준을 통과했습니다.	Score and count criteria passed.
VisionTool.MatchingReview.EdgeSuccessReason	엣지 점수와 개수 기준을 통과했습니다.	Edge score and count criteria passed.
VisionTool.MatchingReview.SuccessNext	결과 박스와 출력 레이어를 확인한 뒤 파이프라인에 추가	Check result boxes and the output layer, then add to pipeline
VisionTool.MatchingReview.EdgeSuccessNext	엣지 박스와 출력 레이어를 확인한 뒤 파이프라인에 추가	Check edge boxes and the output layer, then add to pipeline
VisionTool.MatchingReview.FailureNext	템플릿 ROI, 최소 점수, 매칭 개수를 조정하고 다시 미리보기	Adjust template ROI, min score, and match count, then run preview again
VisionTool.MatchingReview.EdgeFailureNext	템플릿 ROI, Canny 범위, 최소 점수, 매칭 개수를 조정하고 다시 미리보기	Adjust template ROI, Canny range, min score, and match count, then run preview again
VisionTool.MatchingReview.FeatureNoCandidateReason	Ratio/RANSAC 기준을 통과한 특징 후보가 없습니다.	No feature candidate passed the current Ratio/RANSAC criteria.
VisionTool.MatchingReview.NoCandidateCause	원인 후보: 템플릿이 너무 크거나 ROI가 맞지 않거나 대비가 낮거나 최소 점수가 높습니다.	Cause candidates: template too large, ROI mismatch, low contrast, or min score too strict.
VisionTool.MatchingReview.EdgeNoCandidateCause	원인 후보: Canny 범위, 엣지 대비, 템플릿 ROI, 최소 점수, 매칭 개수를 확인하세요.	Cause candidates: Canny range, edge contrast, template ROI, min score, or match count.
VisionTool.MatchingReview.FeatureNoCandidateCause	원인 후보: 특징 텍스처, 템플릿 ROI, Ratio, RANSAC 허용 오차, 이미지 블러를 확인하세요.	Cause candidates: feature texture, template ROI, Ratio, RANSAC tolerance, or image blur.
VisionTool.MatchingReview.ScorePassFormat	최고 점수 {0:0.###} >= {1:0.###}	Best score {0:0.###} >= {1:0.###}.
VisionTool.MatchingReview.EdgeScorePassFormat	최고 엣지 점수 {0:0.###} >= {1:0.###}	Best edge score {0:0.###} >= {1:0.###}.
VisionTool.MatchingReview.FeatureScorePassFormat	특징 점수 {0:0.###} 통과	Feature score {0:0.###} passed.
VisionTool.MatchingReview.CountPassFormat	검출 {0}/{1}개	Detected {0}/{1} matches.
VisionTool.MatchingReview.AngleResultFormat	각도 탐색 결과 {0:0.###}도	Angle search result {0:0.###} deg.
VisionTool.MatchingReview.ScaleResultFormat	배율 탐색 결과 {0:0.###}	Scale search result {0:0.###}.
VisionTool.MatchingReview.MultipleCandidateRisk	여러 후보가 통과했습니다. 반복 패턴이면 ROI를 좁혀 오검출을 줄이세요.	Multiple candidates passed; check repeated patterns and narrow the ROI if false positives appear.
VisionTool.MatchingReview.PyramidReviewHint	피라미드 제안은 속도 옵션입니다. 최종 박스는 원본 이미지에서 확인하세요.	Pyramid proposal is a speed aid; verify final boxes on the original image.
VisionTool.MatchingReview.ScoreFailCause	원인 후보: 템플릿이 너무 크거나 조명이 달라졌거나 ROI가 넓거나 최소 점수가 높습니다.	Cause candidates: template is too large, lighting changed, ROI is too wide, or min score is too strict.
VisionTool.MatchingReview.EdgeScoreFailCause	원인 후보: 엣지 대비가 약하거나 Canny 범위가 좁거나 ROI에 방해 패턴이 있습니다.	Cause candidates: edge contrast is weak, Canny range is too narrow, or ROI contains distractors.
VisionTool.MatchingReview.CountFailCause	원인 후보: ROI가 좁거나 최소 점수가 높거나 템플릿 대비가 부족합니다.	Cause candidates: ROI is too small, min score is high, or template contrast is insufficient.
VisionTool.MatchingReview.EdgeCountFailCause	원인 후보: 검색 ROI가 좁거나 검색 간격이 크거나 엣지 모델 포인트가 부족합니다.	Cause candidates: search ROI is too small, search step is too coarse, or edge model points are insufficient.
VisionTool.MatchingReview.FailureReason	매칭 실패: 템플릿 ROI, 최소 점수, 대비, 매칭 개수를 확인하세요.	Matching failed; check template ROI, min score, contrast, and match count.
VisionTool.MatchingReview.EdgeFailureReason	엣지 매칭 실패: Canny 범위, 엣지 대비, ROI, 최소 점수를 확인하세요.	Edge matching failed; check Canny range, edge contrast, ROI, and min score.
VisionTool.MatchingReview.FeatureFailureReason	특징 매칭 실패: Ratio, RANSAC 허용 오차, 템플릿 텍스처, 이미지 블러를 확인하세요.	Feature matching failed; check Ratio, RANSAC tolerance, template texture, and image blur.
VisionTool.MatchingReview.FeatureSuccessReason	Ratio/RANSAC 기준과 특징 기하가 통과했습니다.	Feature geometry passed the Ratio/RANSAC criteria.
VisionTool.MatchingReview.FeatureSuccessNext	특징 박스와 출력 레이어를 확인한 뒤 파이프라인에 추가	Check feature boxes and the output layer, then add to pipeline
VisionTool.MatchingReview.FeatureFailureNext	특징 템플릿, Ratio, RANSAC 허용 오차를 조정하고 다시 미리보기	Adjust feature template, Ratio, and RANSAC tolerance, then run preview again
VisionTool.LineReview.EdgeSuccessFormat	라인 {0}개 / 엣지점 {1}개 / 피팅 길이 {2:0.#} px	Lines {0} / edge points {1} / fit length {2:0.#} px.
VisionTool.LineReview.EdgeSuccessHint	엣지점이 검출되었습니다. 파이프라인 추가 전 피팅 라인 길이와 안정성을 확인하세요.	Edge points were found; check fitted line length and stability before adding to the pipeline.
VisionTool.LineReview.MeasureSuccessHint	엣지 지지가 확인되었습니다. 측정 모드는 Line A 스캔 라인과 Line B 엣지의 거리를 비교합니다.	Edge support was found; distance mode will compare Line A scan lines with Line B edges.
VisionTool.LineReview.IntersectionLineSuccessHint	라인 후보가 검출되었습니다. 교차 모드는 Line A/B 피팅 라인이 만나는지 확인합니다.	Line candidates were found; intersection mode checks whether the fitted Line A/B pair crosses.
VisionTool.LineReview.EdgeFailureCause	원인 후보: ROI, 대비, 극성, 임계값, 스캔 각도, 샘플링 간격을 확인하세요.	Cause candidates: ROI, contrast, polarity, threshold, scan angle, or sampling interval.
VisionTool.LineReview.MeasureFailureCause	원인 후보: Line A/B ROI, 스캔 방향, 극성, 대비, 샘플링 간격을 확인하세요.	Cause candidates: Line A/B ROI, scan direction, polarity, contrast, or sampling interval.
VisionTool.LineReview.DistanceSuccessWithMmFormat	거리 {0:0.#} px / {1:0.###} mm / 검출 {2:0}개	Distance {0:0.#} px / {1:0.###} mm / detected {2:0}.
VisionTool.LineReview.DistanceSuccessHint	Line A/B 스캔 방향에서 엣지 간 거리를 측정했습니다.	Line A/B scan directions produced a measurable edge-to-edge distance.
VisionTool.LineReview.DistanceFailureCause	원인 후보: Line A/B ROI, 스캔 방향, 극성, 대비, 샘플링 간격을 확인하세요.	Cause candidates: Line A/B ROI, scan direction, polarity, contrast, or sampling interval.
VisionTool.LineReview.IntersectionSuccessHint	Line A/B 피팅 라인이 교차했습니다. 교차점 위치와 엣지 지지를 확인하세요.	Line A/B fitted lines crossed; check the point position and edge support.
VisionTool.LineReview.IntersectionFailureCause	원인 후보: Line A/B 엣지 누락, 평행한 피팅 라인, ROI 불일치, 낮은 대비를 확인하세요.	Cause candidates: missing Line A/B edges, parallel fitted lines, ROI mismatch, or low contrast.
VisionTool.Preset.Title	추천 프리셋	Recommended presets
VisionTool.Preset.Detail	기본=첫 검사 / 빠른=빠른 선별 / 정밀=최종 튜닝. 선택하면 적용 이유를 표시합니다.	Basic = first check / Fast = quick screening / Precise = final tuning. Select one to see why.
VisionTool.Preset.AppliedDetailFormat	{0}: {1} 값만 바뀌며 미리보기로 검증하세요.	{0}: {1} Values only; run Preview to verify.
VisionTool.Preset.MenuToolTip	추천 프리셋 선택	Choose recommended preset
VisionTool.Preset.Basic	기본	Basic
VisionTool.Preset.Fast	빠른	Fast
VisionTool.Preset.Precise	정밀	Precise
VisionTool.Preset.Matching.Basic.Description	고정 대상 첫 검사: 최상위 1개 후보, 각도/배율 탐색 끔	One best match, no angle or scale search. Good first check for fixed parts.
VisionTool.Preset.Matching.Fast.Description	빠른 확인: 작업 배율 축소, 엄격한 1개 후보	Lower work scale and one strict match. Use for quick screening before tuning.
VisionTool.Preset.Matching.Precise.Description	정밀 확인: 후보 3개, 좁은 각도 탐색 사용	Three candidates with a narrow angle search. Use after template position is stable.
VisionTool.Preset.EdgeMatching.Basic.Description	엣지 기본 검사: 안전한 Canny와 2px 검색 간격	One edge match with safe Canny and 2 px search step.
VisionTool.Preset.EdgeMatching.Fast.Description	빠른 엣지 확인: 모델 포인트 축소, 거친 검색, 엄격한 점수	Fewer model points, coarse search, and strict score for quick screening.
VisionTool.Preset.EdgeMatching.Precise.Description	정밀 엣지 확인: 더 많은 포인트, 1px 검색, 좁은 각도와 하이브리드 검증	More edge points, 1 px search, narrow angle scan, and hybrid verification.
VisionTool.Preset.FeatureMatching.Basic.Description	특징 기본 검사: 균형 잡힌 Ratio와 RANSAC 허용 오차	Balanced ratio and RANSAC tolerance for first verification.
VisionTool.Preset.FeatureMatching.Fast.Description	빠른 특징 확인: 더 느슨한 Ratio와 넓은 기하 허용 오차	Looser feature ratio with wider geometry tolerance for quick checks.
VisionTool.Preset.FeatureMatching.Precise.Description	정밀 특징 확인: 더 엄격한 Ratio와 좁은 기하 허용 오차	Stricter feature ratio with tighter geometry validation for final tuning.
VisionTool.Preset.Blob.Basic.Description	단순 이진화와 중간 면적으로 시작. 기준값은 대상/배경 밝기가 갈리는 지점에서 조정	Simple threshold with a medium area floor. Adjust the threshold where target and background brightness separate.
VisionTool.Preset.Blob.Fast.Description	단순 이진화와 큰 최소 면적으로 작은 노이즈를 제외	Simple threshold with a larger minimum area to exclude small noise.
VisionTool.Preset.Blob.Precise.Description	조명 편차에는 적응형 이진화, 작은 대상에는 낮은 최소 면적	Adaptive thresholding for uneven lighting and a lower minimum area for small targets.
VisionTool.Preset.Contour.Basic.Description	Contour 기본 검사: 외곽 윤곽과 중간 면적 기준으로 시작	External outlines with a medium area filter for first contour checks.
VisionTool.Preset.Contour.Fast.Description	Contour 빠른 검사: 작은 노이즈 윤곽을 건너뛰도록 면적 기준을 높임	External simple contours with a larger area floor to skip noise quickly.
VisionTool.Preset.Contour.Precise.Description	Contour 정밀 검사: 작은 윤곽과 근사 다각형으로 형상 튜닝	Smaller contours with polygon approximation for final shape tuning.
VisionTool.Preset.Line.Basic.Description	Line 기본 검사: 선택된 Line A/B에 균형 잡힌 대비와 스캔 간격 적용	Balanced contrast and scan interval for the selected Line A/B.
VisionTool.Preset.Line.Fast.Description	Line 빠른 검사: 빠른 엣지 확인을 위해 대비를 높이고 스캔 간격을 넓힘	Higher contrast and wider scan interval for quick edge checks.
VisionTool.Preset.Line.Precise.Description	Line 정밀 검사: 낮은 대비, 촘촘한 스캔, 핏라인 확장 적용	Lower contrast, denser scan lines, and fit-line extension for final tuning.
PipelineReview.Guide.Stage	리뷰	Review
PipelineReview.Guide.Current	현재 Step	Current Step
PipelineReview.Guide.Next	다음 확인	Next Check
PipelineReview.Guide.Decision	판정	Decision
PipelineReview.Guide.Checklist	검증 습관	Review Habit
PipelineReview.Guide.EmptyStage	Step 없음	No steps
PipelineReview.Guide.EmptyCurrentFormat	{0}에 리뷰할 Step이 없습니다	{0} has no review steps
PipelineReview.Guide.EmptyNext	Tool 결과를 Pipeline에 추가	Add a tool result to the pipeline
PipelineReview.Guide.EmptyDecision	판정할 결과 없음	No result to judge
PipelineReview.Guide.EmptyDetail	Tool View에서 결과를 Pipeline에 추가한 뒤 리뷰를 실행합니다.	Add a tool result from a Tool View, then run review.
PipelineReview.Guide.StageFormat	Step {0}/{1}	Step {0}/{1}
PipelineReview.Guide.RouteFormat	{0} -> {1}	{0} -> {1}
PipelineReview.Guide.RunningNext	리뷰 실행 중	Review is running
PipelineReview.Guide.RunningDecision	Step 결과 대기	Waiting for step result
PipelineReview.Guide.RunningDetail	선택한 Step의 리뷰 결과를 기다리는 중입니다.	The selected step is waiting for the review result.
PipelineReview.Guide.ValidationNext	리뷰 전에 검증 오류 수정	Fix validation errors before review
PipelineReview.Guide.ValidationDecision	아직 Pipeline 판정 불가	Pipeline cannot be judged yet
PipelineReview.Guide.ValidationDetail	검증 상세를 열어 라우트 또는 파라미터를 먼저 수정하십시오.	Open the validation detail and fix the route or parameters first.
PipelineReview.Guide.DisabledNext	Step을 켠 뒤 판정	Enable this step before judging it
PipelineReview.Guide.DisabledDetail	이 Step은 꺼져 있어서 리뷰 중 건너뜁니다.	This step is skipped during review because it is disabled.
PipelineReview.Guide.InputMissingNext	입력 레이어 연결 또는 이미지 로드	Connect or load the input layer
PipelineReview.Guide.InputMissingDetail	선택한 입력 레이어에 이미지가 없어 아직 이 Step을 판정할 수 없습니다.	The selected input layer has no image, so this step cannot be judged yet.
PipelineReview.Guide.InputPendingNext	리뷰 실행으로 이전 Step 입력 생성	Run Review to create this input from the earlier step
PipelineReview.Guide.InputPendingDetail	이 입력은 이전 활성 Step이 리뷰 실행 중 생성합니다.	An earlier enabled step will create this input when Review runs.
PipelineReview.Status.InputMissing	입력 없음	Input missing
PipelineReview.Guide.ReadyNext	리뷰 실행으로 측정 결과 갱신	Run Review to refresh the measured result
PipelineReview.Guide.ReadyDetail	출력 이미지는 있지만 리뷰 실행으로 측정 결과를 다시 갱신합니다.	An output image exists, but Run Review refreshes the measured result.
PipelineReview.Guide.BeforeRunNext	리뷰 실행으로 Step 출력 생성	Run Review to create the step output
PipelineReview.Guide.BeforeRunDetail	리뷰 실행으로 이 Step의 출력 이미지와 측정 결과를 생성합니다.	Run Review creates the output image and measured result for this step.
PipelineReview.Guide.OkNext	출력 확인 후 다음 Step	Check output, then next step
PipelineReview.Guide.OkFinalNext	출력/지표/Good-Bad 비교 후 승인	Compare output/metrics/pair, then accept
PipelineReview.Guide.NgNext	파라미터/라우트 조정 후 재리뷰	Tune parameters/route, then rerun review
PipelineReview.Guide.NgDetail	선택 Step의 결과를 확인하고 라우트 또는 파라미터를 조정합니다.	Review the selected step's result and adjust the route or parameters.
PipelineReview.Guide.Pair	Good/Bad 쌍	Good/Bad Pair
PipelineReview.Guide.PairMetric	지표 확인	Metric Check
PipelineReview.Guide.TriageFailure	원인	Cause
PipelineReview.Guide.TriageAdjustment	조정	Adjust
PipelineReview.Guide.TriageRerun	재리뷰	Rerun
PipelineReview.Guide.TriageRerunPair	반대 샘플도 같은 Pipeline으로 실행해 기준 안/밖 갈림을 확인하십시오.	Run the opposite sample with the same Pipeline and confirm the metric splits inside/outside target.
PipelineReview.Guide.FixDetailPrefix	우선 확인	Check first
PipelineReview.Guide.ParameterLocationPrefix	조정 위치	Adjust here
PipelineReview.Guide.ThresholdFix	입력 레이어, ROI, Threshold mode/값/범위, Adaptive Block/Weight를 먼저 확인하십시오.	Check input layer, ROI, threshold mode, value/range, adaptive block size, and weight.
PipelineReview.Guide.BlobFix	입력 레이어 연결, threshold 극성, morphology 정리, ROI, 면적 제한, connectivity를 먼저 확인하십시오.	Check input layer chaining, threshold polarity, morphology cleanup, ROI, area limits, and connectivity.
PipelineReview.Guide.ContourFix	입력 레이어 연결, threshold 극성, morphology 정리, ROI, 면적 제한을 먼저 확인하십시오.	Check input layer chaining, threshold polarity, morphology cleanup, ROI, and area limits.
PipelineReview.Guide.LineFix	ROI 위치, edge layer, polarity/contrast, sampling interval, projection direction, Pixel/mm를 먼저 확인하십시오.	Check ROI placement, edge layer selection, polarity/contrast, sampling interval, projection direction, and Pixel/mm.
PipelineReview.Guide.MeanFix	입력 레이어, ROI, Mean type, 조명/밝기 변화, 기준 범위를 먼저 확인하십시오.	Check input layer, ROI, mean type, lighting or brightness drift, and target range.
PipelineReview.Guide.MatchingFix	template 이미지, 입력 레이어, ROI, score threshold, angle search, scale search를 먼저 확인하십시오.	Check template image, input layer, ROI, score threshold, angle search, and scale search.
PipelineReview.Guide.GenericFix	acceptance 기준을 바꾸기 전에 입력 레이어, 라우트, ROI, 파라미터를 먼저 확인하십시오.	Check the input layer, route, ROI, and parameters before changing acceptance limits.
PipelineReview.Guide.ThresholdParameterLocation	파라미터 패널 > Mode, Threshold/Range, Adaptive, ROI	Parameter panel > Mode, Threshold/Range, Adaptive, ROI
PipelineReview.Guide.BlobParameterLocation	파라미터 패널 > 입력 레이어, threshold 극성, morphology, 면적 제한, ROI	Parameter panel > input layer, threshold polarity, morphology, area limits, ROI
PipelineReview.Guide.ContourParameterLocation	파라미터 패널 > 입력 레이어, threshold 극성, morphology, 면적 제한, ROI	Parameter panel > input layer, threshold polarity, morphology, area limits, ROI
PipelineReview.Guide.LineParameterLocation	파라미터 패널 > ROI/CvROI, polarity/contrast, sampling, Pixel/mm	Parameter panel > ROI/CvROI, polarity/contrast, sampling, Pixel/mm
PipelineReview.Guide.MeanParameterLocation	파라미터 패널 > MEAN_TYPES, ROI/CvROI, 밝기 기준 범위	Parameter panel > MEAN_TYPES, ROI/CvROI, brightness target range
PipelineReview.Guide.MatchingParameterLocation	파라미터 패널 > template 경로, score threshold, angle/scale search	Parameter panel > template path, score threshold, angle/scale search
PipelineReview.Guide.GenericParameterLocation	파라미터 패널 > 입력 레이어, ROI, 라우트, acceptance 기준	Parameter panel > input layer, ROI, route, acceptance limits
PipelineReview.Guide.AcceptanceMetricNgDetailFormat	{0}: 측정 {1}, 목표 {2}.	{0}: measured {1}, target {2}.
PipelineReview.Guide.BranchDetailFormat	분기: 이 Step은 이전 출력 {1} 대신 {0}을 입력으로 사용합니다.	Branch: this step reads {0} instead of previous output {1}.
PipelineReview.Guide.FailedDetailFormat	NG 원인: {0}	NG reason: {0}
PipelineReview.Guide.OkContinueDetailFormat	이 Step은 통과했습니다. Step {0}/{1}로 이동해 다음 출력을 확인하십시오.	This step passed. Move to Step {0}/{1} and confirm the next output.
PipelineReview.Guide.OkFinalDetail	마지막 Step이 통과했습니다. Pipeline 승인 전에 출력 이미지, 지표, 같은 Good/Bad 쌍을 비교하십시오.	Final step passed. Compare the output image, metrics, and matching Good/Bad pair before accepting the pipeline.
PipelineReview.Guide.ChecklistText	검증 순서: Good 먼저 실행 -> 같은 PairGroup의 Bad를 같은 Pipeline으로 실행 -> 출력 이미지, 오버레이, 지표, 로그를 함께 비교합니다.	Review habit: run Good first -> run Bad in the same PairGroup with the same pipeline -> compare output image, overlay, metrics, and log.
PipelineReview.Guide.NoRunDecision	미판정	Not judged
PipelineReview.Guide.OkDecisionFormat	{0}: 출력 승인	{0}: output accepted
PipelineReview.Guide.NgDecisionFormat	{0}: 재검토 필요	{0}: review required
PipelineReview.Metric.ResultImageWidth	결과 폭	Result Width
PipelineReview.Metric.ResultCount	결과 수	Result Count
PipelineReview.Metric.MeanValueAvg	평균 밝기(Mean)	Mean Avg
PipelineReview.Metric.DistanceMmAvg	평균 거리(Distance mm)	Distance Avg (mm)
PipelineReview.Metric.DistanceMmRange	거리 범위(Distance mm)	Distance Range (mm)
Arithmetic.Constant	상수	Constant
Arithmetic.ConstantValue	상수 값	Constant Value
Arithmetic.CopyAByOffset	A를 오프셋으로 복사	Copy A by offset
Arithmetic.Color	컬러	Color
Arithmetic.Gray	그레이	Gray
Arithmetic.GrayFormat	그레이 {0}	Gray {0}
Arithmetic.ColorBgrFormat	컬러 BGR({0},{1},{2})	Color BGR({0},{1},{2})
Arithmetic.InputAOnly	입력 A만	Input A only
Arithmetic.InputB	입력 B	Input B
Arithmetic.InputBSource	입력 B 소스	Input B Source
Arithmetic.Mode	모드	Mode
Arithmetic.Offset	오프셋	Offset
Arithmetic.OffsetMode	오프셋	Offset
Arithmetic.Operation	연산	Operation
Arithmetic.OperationMode	연산	Operation
Arithmetic.RunOffset	오프셋 실행	Run Offset
Arithmetic.Type	산술 연산 타입	Arithmetic Type
Morphology.Operation.Erode	침식	Erode
Morphology.Operation.Dilate	팽창	Dilate
Morphology.Operation.Open	열림	Open
Morphology.Operation.Close	닫힘	Close
Morphology.Operation.TopHat	탑햇	TopHat
Morphology.Operation.BlackHat	블랙햇	BlackHat
Morphology.Operation.HitMiss	히트미스	HitMiss
Morphology.Operation.Gradient	그래디언트	Gradient
Morphology.Shape.Rect	사각	Rect
Morphology.Shape.Ellipse	타원	Ellipse
Morphology.Shape.Cross	십자	Cross
VisionTool.Status.PreviewOk	미리보기 OK	Preview OK
VisionTool.Status.PreviewNg	미리보기 NG	Preview NG
VisionTool.Affine.ResultSummaryFormat	Affine 2x3 / {0} / 유효 픽셀 {1:0.0}%	Affine 2x3 / {0} / valid pixels {1:0.0}%
VisionTool.Affine.MatrixLabel	행렬	Matrix
VisionTool.Affine.ValidPixelLabel	유효 픽셀	Valid pixels
VisionTool.Affine.DeterminantLabel	행렬식	Determinant
VisionTool.Affine.SourceAreaLabel	Source 삼각형	Source triangle
VisionTool.Affine.DestinationAreaLabel	Destination 삼각형	Destination triangle
VisionTool.Affine.SuccessGuidance	Destination 삼각형, 변환된 Source 프레임, 행렬, 유효 픽셀 비율을 확인한 뒤 Step을 추가하세요.	Review the destination triangle, transformed source frame, matrix, and valid-pixel coverage before adding the Step.
VisionTool.Affine.FailureGuidanceFormat	대응점 3쌍, 출력 크기 또는 검증 게이트를 조정한 뒤 다시 미리보기 하세요. {0}	Adjust the three corresponding points, output size, or validation gates, then Preview again. {0}
VisionTool.Status.OffsetOk	오프셋 OK	Offset OK
VisionTool.Status.PipelineAdded	파이프라인 추가됨	Pipeline added
VisionTool.Status.PipelineSavedContextFormat	{0} 저장 / Recipe {1} > Pipeline {2} / 다음: Pipeline 보기	{0} saved / Recipe {1} > Pipeline {2} / Next: Open Pipeline
VisionTool.Status.OutputLayerReady	출력 레이어 준비됨	Output layer ready
VisionTool.Status.PipelineAddUnavailable	파이프라인 추가 불가	Pipeline add unavailable
VisionTool.Persistence.DefaultRecipe	기본 Recipe	default Recipe
VisionTool.Persistence.SaveFailedFormat	{0} / Recipe {1} 설정을 저장하지 못했습니다. 현재 값은 메모리에만 유지되며 재개방 후 손실될 수 있습니다. 원인: {2}	Settings could not be saved for {0} / Recipe {1}. The current values remain in memory but may be lost after reopening. Cause: {2}
VisionTool.Persistence.SaveRecoveredFormat	{0} / Recipe {1} 설정 저장이 복구되었습니다. 현재 값이 디스크에 저장되었습니다.	Settings save recovered for {0} / Recipe {1}. The current values are now persisted.
VisionTool.Persistence.UnknownError	알 수 없는 오류	unknown error
VisionTool.Persistence.LoadRecoveredInvalidFormat	{0} / Recipe {1}: 저장 설정이 손상되었거나 호환되지 않아 이 Tool을 기본값으로 열었습니다. 이전 티칭이 복원되었다고 간주하지 마십시오. 값을 확인하십시오. 기존 파일 백업: {2}. 원인: {3}	{0} / Recipe {1}: Saved settings were invalid or incompatible, so this Tool opened with default values. Do not assume prior teaching was restored. Review the values. The previous file was preserved at {2}. Cause: {3}
VisionTool.Persistence.LoadFailedFormat	{0} / Recipe {1}: 저장 설정을 불러오지 못해 이 Tool을 기본값으로 열었습니다. 이전 티칭이 복원되었다고 간주하지 마십시오. 값을 확인하십시오. 저장 파일은 변경하지 않았습니다. 원인: {2}	{0} / Recipe {1}: Saved settings could not be loaded, so this Tool opened with default values. Do not assume prior teaching was restored. Review the values; the saved file was not changed. Cause: {2}
VisionTool.Summary.Min	최소	Min
VisionTool.Summary.Max	최대	Max
VisionTool.Summary.Low	낮음	Low
VisionTool.Summary.High	높음	High
VisionTool.Summary.Aperture	커널	Aperture
VisionTool.Summary.Clip	클립	Clip
VisionTool.Summary.Tile	타일	Tile
VisionTool.Summary.Angle	각도	Angle
VisionTool.Summary.Scale	배율	Scale
Pipeline.OverlayLabel	라벨	Label
Pipeline.OverlayPoints	포인트	Points
Pipeline.PreviewMode.Summary	요약	Summary
Pipeline.PreviewMode.Input	입력	Input
Pipeline.PreviewMode.Output	출력	Output
Pipeline.PreviewMode.Overlay	오버레이	Overlay
Pipeline.OverlayLabelMode.None	없음	None
Pipeline.OverlayLabelMode.Number	번호	No
Pipeline.OverlayLabelMode.Details	상세	Details
Pipeline.ResultGrid.Item	항목	Item
Pipeline.ResultGrid.Value	값	Value
Pipeline.State.NeedsPreview	미리보기 필요	Needs Preview
Pipeline.State.NotCreated	생성 안 됨	Not Created
Pipeline.State.RunPreviewRequired	미리보기 실행 필요	Run Preview required.
Pipeline.State.Ready	준비됨	Ready
Pipeline.ResultRow.Status	상태	Status
Pipeline.ResultRow.Decision	판정	Decision
Pipeline.ResultRow.Result	결과	Result
Pipeline.ResultRow.Viewing	현재 보기	Viewing
Pipeline.ResultRow.Elapsed	소요 시간	Elapsed
Pipeline.ResultRow.Toolerror	Tool 오류	Tool error
Pipeline.ResultRow.Resultstatus	Result 상태	Result status
Pipeline.ResultRow.Flow	흐름	Flow
Pipeline.ResultRow.Inputimage	입력 이미지	Input image
Pipeline.ResultRow.Outputimage	출력 이미지	Output image
Pipeline.ResultRow.Inputsource	입력 출처	Input source
Pipeline.ResultRow.Outputresult	출력 결과	Output result
Pipeline.ResultRow.Acceptance	판정 조건	Acceptance
Pipeline.ResultRow.Nextaction	다음 동작	Next action
Pipeline.ResultRow.Tool	Tool	Tool
Pipeline.ResultRow.Parameters	파라미터	Parameters
Pipeline.ResultRow.Reason	사유	Reason
Pipeline.ResultRow.Message	메시지	Message
Pipeline.ResultRow.Template	템플릿	Template
Pipeline.ResultRow.Detectedcrop	검출 Crop	Detected crop
Pipeline.ResultRow.Matchcenter	매칭 중심	Match center
Pipeline.ResultRow.Overlaysteps	Overlay Step	Overlay steps
Pipeline.ResultRow.Overlays	Overlay	Overlays
Pipeline.ResultRow.Cachedsteps	캐시 Step	Cached steps
Pipeline.ResultRow.Publishtarget	반영 대상	Publish target
Pipeline.ResultRow.Sample	샘플	Sample
Pipeline.ResultRow.Check	검증	Check
Pipeline.ResultRow.Actual	실제값	Actual
Pipeline.ResultRow.Expected	기대값	Expected
Pipeline.ResultRow.Recipeflow	Recipe 흐름	Recipe flow
Pipeline.ResultRow.Goal	목표	Goal
Pipeline.ResultRow.Finallayer	최종 레이어	Final layer
Pipeline.ResultRow.Finaloverlays	최종 Overlay	Final overlays
Pipeline.ResultRow.Moremetrics	추가 Metrics	More metrics
Pipeline.ResultRow.Moreboxes	추가 박스	More boxes
Pipeline.ResultRow.Box	Box {0}	Box {0}
Pipeline.ResultAction.Metrics	더블클릭하면 모든 Metrics를 확인합니다.	Double-click to view all metrics.
Pipeline.ResultAction.PreviewInput	클릭하면 이 Step의 입력 이미지를 표시하고, 더블클릭하면 확대 보기로 엽니다.	Click to show this step's input image. Double-click to open it.
Pipeline.ResultAction.PreviewOutput	클릭하면 이 Step의 출력 이미지를 표시하고, 더블클릭하면 확대 보기로 엽니다.	Click to show this step's output image. Double-click to open it.
Pipeline.ResultAction.PreviewOverlay	클릭하면 이 Step의 Overlay 미리보기를 표시하고, 더블클릭하면 확대 보기로 엽니다.	Click to show this step's overlay preview. Double-click to open it.
Pipeline.ResultAction.Overlay	클릭하면 Overlay 미리보기를 표시하고, 더블클릭하면 해당 Overlay를 엽니다.	Click to show overlay preview. Double-click to open this overlay.
Pipeline.ResultAction.Overlays	클릭하면 Overlay 미리보기를 표시하고, 더블클릭하면 확대 보기로 엽니다.	Click to show overlay preview. Double-click to open it.
Pipeline.Decision.ToolError	Tool 오류	Tool Error
Pipeline.Decision.AcceptanceNG	판정 NG	Acceptance NG
Pipeline.Value.ResultOne	결과 {0}개	{0} result
Pipeline.Value.ResultMany	결과 {0}개	{0} results
Pipeline.Value.Score	점수 {0}	Score {0}
Pipeline.Value.Angle	각도 {0}	Angle {0}
Pipeline.Value.Overlays	Overlay {0}개	{0} overlays
Pipeline.Value.Image	이미지 {0}	Image {0}
Pipeline.Value.AcceptanceNgFormat	판정 NG - {0}	Acceptance NG - {0}
Common.OK	확인	OK
Common.Cancel	취소	Cancel
Common.Close	닫기	Close
Common.Minimize	최소화	Minimize
Common.Maximize	최대화	Maximize
Common.DockRight	우측 도킹	Dock Right
Common.Export	내보내기	Export
Common.Restore	복원	Restore
Common.Alarm	알림	Alarm
PipelineTextPrompt.DefaultTitle	샘플 저장	Save Sample
PipelineTextPrompt.DefaultLabel	샘플 이름	Sample Name
AiRecipe.Prompt.Title	AI Recipe 프롬프트	AI Recipe Prompt
AiRecipe.Prompt.GoalLabel	검사 목표	Inspection Goal
AiRecipe.Prompt.DefaultGoal	검출 대상과 박스, Metrics, OK/NG 기준을 생성합니다.	Detect target objects and return boxes, metrics, and OK/NG criteria.
AiRecipe.PromptPreview.Title	AI Recipe 프롬프트	AI Recipe Prompt
AiRecipe.PromptPreview.Caption	프롬프트를 검토하고 필요 시 수정한 뒤 LLM에 복사하십시오.	Review the prompt, adjust if needed, then copy it for your LLM.
AiRecipe.PromptPreview.Copy	복사	Copy
AiRecipe.PromptPreview.DefaultText	이미지 검사 목표와 기대 출력 레이어를 입력하십시오.	Describe the image inspection goal and expected output layers here.
AiRecipe.OpenXmlDialogTitle	LLM Recipe XML 열기	Open LLM Recipe XML
AiRecipe.LoadPreviewImageDialogTitle	미리보기 이미지 로드	Load Preview Image
AiRecipe.RetryPrompt	재시도 프롬프트	Retry Prompt
AiRecipe.ImageStatus.PreviewImage	미리보기 이미지: Main ({0} x {1})	Preview image: Main ({0} x {1})
AiRecipe.ImageStatus.CurrentLayers	미리보기 소스: 현재 레이어 ({0})	Preview source: current layers ({0})
AiRecipe.Overview.CurrentLayers	현재 레이어: {0}	Current layers: {0}
AiRecipe.Overview.PreviewImage	미리보기 이미지: Main ({0} x {1})	Preview image: Main ({0} x {1})
AiRecipe.Overview.Waiting	상태: Recipe XML 대기	Status: Waiting for recipe XML
AiRecipe.Overview.Use	사용: 붙여넣기/XML 열기 또는 샘플 로드	Use: Paste/Open XML or load Sample.
AiRecipe.Overview.Next	다음: 검증 -> 미리보기 실행 -> AI 피드백 복사	Next: Validate -> Run Preview -> Copy Feedback.
AiRecipe.NextAction.Waiting	다음 작업: Recipe XML을 붙여넣거나 샘플을 열고 검증하십시오.	Next action: Paste/open recipe XML, then validate.
AiRecipe.NextAction.ValidationNg	다음 작업: Safe Fix를 적용하거나 검증 오류를 수정하십시오.	Next action: Apply Safe Fix or edit validation errors.
AiRecipe.NextAction.ValidationOk	다음 작업: 미리보기 실행으로 이미지 검출을 확인하십시오.	Next action: Run Preview and verify detection.
AiRecipe.NextAction.Running	다음 작업: 미리보기 실행 완료를 기다리십시오.	Next action: Wait for Run Preview to finish.
AiRecipe.NextAction.PreviewOk	다음 작업: Pipeline에 적용하거나 AI 피드백으로 추가 튜닝하십시오.	Next action: Apply to Pipeline or tune with AI Feedback.
AiRecipe.NextAction.PreviewNg	다음 작업: Safe Fix/Layer Flow를 적용하거나 AI 피드백을 복사하십시오.	Next action: Apply Safe Fix/Layer Flow or copy AI Feedback.
AiRecipe.Overview.Pipeline	Pipeline: {0}	Pipeline: {0}
AiRecipe.Overview.Status	상태: {0}	Status: {0}
AiRecipe.Overview.Steps	Steps: {0}	Steps: {0}
AiRecipe.Overview.Validation	검증: {0}	Validation: {0}
AiRecipe.Overview.RunPreview	미리보기 실행: {0}	Run Preview: {0}
AiRecipe.Overview.CatalogGate	카탈로그 Gate: {0}	Catalog Gate: {0}
AiRecipe.Overview.AutoFixes	자동 수정: {0}	Auto Fixes: {0}
AiRecipe.Status.Validated	검증됨	Validated
AiRecipe.Flow.Empty	Recipe를 검증하면 Step 체인을 볼 수 있습니다.	Validate a recipe to see the step chain.
AiRecipe.Flow.Expected	예상 흐름:	Expected flow:
AiRecipe.Feedback.Empty1	미리보기를 실행하면 AI 튜닝 피드백이 생성됩니다.	Run Preview creates AI tuning feedback.
AiRecipe.Feedback.Empty2	AI 피드백 복사는 검증, 자동 수정, Metrics, 실패 Step 정보를 클립보드로 보냅니다.	Copy Feedback sends validation, auto-fix, metrics, and failed-step context to the clipboard.
AiRecipe.Feedback.Empty3	미리보기 실행 후에는 최신 실행 피드백이 프롬프트에 포함됩니다.	Prompt will include the latest Run Preview feedback after a preview has run.
AiRecipe.Feedback.Ready	LLM 재시도 준비:	Ready for LLM retry:
AiRecipe.Feedback.Validation	검증 피드백:	Validation feedback:
AiRecipe.Feedback.FullCopied	전체 피드백은 AI 피드백 복사로 복사됩니다.	Full feedback is copied by Copy AI Feedback.
AiRecipe.Patch.Empty1	미리보기를 실행하면 XML 수정 요청이 생성됩니다.	Run Preview creates an XML Patch Request.
AiRecipe.Patch.Empty2	실패 Step을 선택하면 요청 대상이 좁혀집니다.	Select a failed step to focus the request.
AiRecipe.Patch.Empty3	수정 요청 복사는 LLM에게 전체 VisionPipeline XML 반환을 요청합니다.	Copy Patch Request asks the LLM to return a full VisionPipeline XML.
AiRecipe.Patch.Target	XML 수정 요청 대상:	XML Patch Request target:
AiRecipe.Patch.Status	상태: {0}	Status: {0}
AiRecipe.Patch.Flow	흐름: {0} -> {1}	Flow: {0} -> {1}
AiRecipe.Patch.Patch	수정: {0}	Patch: {0}
AiRecipe.Patch.NoSafeFix	Safe Auto Fix: 사용 가능한 항목 없음	Safe Auto Fix: none available.
AiRecipe.Patch.ManualTuning	수동 튜닝 필요: 수정 요청 복사로 선택 Step 또는 직접 의존 Step만 수정하십시오.	Manual tuning needed: use Copy Patch Request and update only the selected Step or its direct layer dependencies.
AiRecipe.Patch.CopyIncludesXml	수정 요청 복사는 현재 Step XML을 포함하고 전체 VisionPipeline XML 반환을 요청합니다.	Copy Patch Request includes the current step XML and asks for a full VisionPipeline XML.
AiRecipe.SafeFixPreview.Title	Safe Auto Fix 미리보기:	Safe Auto Fix Preview:
AiRecipe.SafeFixPreview.TargetPipeline	대상: 검증 / 전체 Pipeline	Target: validation / whole pipeline
AiRecipe.SafeFixPreview.Target	대상: {0}	Target: {0}
AiRecipe.SafeFixPreview.Scope	범위: Step 파라미터, 레이어 흐름, 명시 선택한 판정 제한만 수정합니다.	Scope: Step parameters, layer flow, and explicitly selected acceptance limits only.
PropertyGrid.DisplayName.Acceptance_Metric	판정 지표	Acceptance Metric
PropertyGrid.DisplayName.Algorithm	알고리즘	Algorithm
PropertyGrid.DisplayName.Aperture_size	Aperture 크기	Aperture size
PropertyGrid.DisplayName.Degree_X	X 차수	Degree X
PropertyGrid.DisplayName.Degree_Y	Y 차수	Degree Y
PropertyGrid.DisplayName.High_threshold	High 기준값	High threshold
PropertyGrid.DisplayName.Kernel_size	커널 크기	Kernel size
PropertyGrid.DisplayName.Low_threshold	Low 기준값	Low threshold
PropertyGrid.DisplayName.Max_Elapsed_(ms)	최대 시간(ms)	Max Elapsed (ms)
PropertyGrid.DisplayName.Metric_Max	최대 지표	Metric Max
PropertyGrid.DisplayName.Metric_range	지표 범위	Metric range
PropertyGrid.DisplayName.Required_Message	필수 메시지	Required Message
PropertyGrid.DisplayName.Scale_X_(%)	X 스케일(%)	Scale X (%)
PropertyGrid.DisplayName.Scale_Y_(%)	Y 스케일(%)	Scale Y (%)
PropertyGrid.DisplayName.Step_Name	Step 이름	Step Name
PropertyGrid.DisplayName.Use_Metric_Max	최대 지표 사용	Use Metric Max
PropertyGrid.DisplayName.Use_Metric_Min	최소 지표 사용	Use Metric Min
VisionTest.InputLayer	입력 레이어	Input Layer
VisionTest.OutputLayer	결과 쓰기 레이어	Result Write Layer
VisionTest.Run	실행	Run
VisionTest.Details	상세	Details
VisionTest.NoInputImage	입력 이미지 없음	No input image
VisionTest.SelectInputLayer	입력 레이어를 선택하십시오.	Select an input layer.
VisionTest.NoOutputYet	출력 결과 없음	No output yet
VisionTest.RunToolToViewResult	Tool을 실행하면 결과가 표시됩니다.	Run the tool to view the result.
VisionTest.CreateOutputLayer	새 출력 레이어를 생성합니다. Create 버튼은 입력 레이어를 바꾸지 않습니다.	Create Output Layer. This does not change the selected input layer.
VisionTest.OutputLayerWriteTargetTooltip	미리보기/실행 결과를 쓸 레이어입니다. 기존 레이어를 선택하면 해당 레이어를 덮어쓰고, 새 이름을 입력하거나 + 버튼을 누르면 새 출력 레이어를 사용합니다.	Preview/Run writes results to this layer. Select an existing layer to overwrite it, or type a new name / press + to use a new output layer.
VisionTest.Help	도움말	Help
VisionTest.DefaultTitle	검사 Tool	Vision Tool
VisionTest.DefaultStep	Vision Step	Vision Step
VisionTest.Running	실행 중	Running
VisionTest.Completed	실행 완료	Completed
VisionTest.ResultPublished	결과 표시 완료: {0}	Result published: {0}
VisionTest.RunFailedFormat	{0} 실행 실패.\r\n{1}	{0} failed.\r\n{1}
VisionTest.Error.SourceImageNotLoaded	입력 이미지가 로드되지 않았습니다.	Source image is not loaded.
VisionTest.Error.ToolReturnedNoResult	Vision Tool이 결과 객체를 반환하지 않았습니다.	Vision tool returned no result.
VisionTest.Error.ResultImageEmpty	Vision Tool 결과 이미지가 비어 있습니다.	Vision tool result image is empty.
VisionTest.Error.ToolExecutionFailed	Tool 실행에 실패했습니다.	Tool execution failed.
ToolView.AddPipeline	파이프라인에 추가·저장	Add and save to Pipeline
ToolView.NImageVerification	N장 검증	N-image verification
ToolView.NImageVerification.ToolTip	현재 Tool View 설정을 한 Step으로 고정해 여러 이미지를 순차 실행하고 저장된 드로잉·측정값·HTML 보고서를 검토합니다. 레이어와 Preview/Run 상태는 바꾸지 않습니다.	Freeze the current Tool View settings as one Step, run multiple images sequentially, and review retained drawings, metrics, and an HTML report. Layers and Preview/Run state remain unchanged.
LineForm.Text	라인 / 거리 측정	Line
LineForm.btnResult.Text	상세	Details
LineForm.btnRun.Text	피팅 라인	Fit Line
LineForm.rjButton1.Text	에지 검출	Edge
LineForm.btnVerLineRun.Text	수직선 거리	Vertical Line
LineForm.rdoLeftEdgePara.Text	에지(L)	Edge(L)
LineForm.rdoRightEdgePara.Text	에지(R)	Edge(R)
LineForm.btnResult.ToolTip	검출 상세 결과를 확인합니다.	Show detailed detection results.
LineForm.btnRun.ToolTip	좌/우 에지를 피팅해서 교차 라인을 계산합니다.	Fit left/right edges and calculate the intersection line.
LineForm.rjButton1.ToolTip	선택한 에지 파라미터로 에지 위치를 검출합니다.	Detect the edge with the selected edge parameter.
LineForm.btnVerLineRun.ToolTip	좌/우 에지로 수직 거리 측정 라인을 계산합니다.	Calculate vertical measurement lines from left/right edges.
LineForm.rdoLeftEdgePara.ToolTip	왼쪽 에지 파라미터를 편집합니다.	Edit the left edge parameter.
LineForm.rdoRightEdgePara.ToolTip	오른쪽 에지 파라미터를 편집합니다.	Edit the right edge parameter.
LineForm.Run.FitLine	피팅 라인	Fit Line
LineForm.Run.Edge	에지 검출	Line Edge
LineForm.Run.VerticalLine	수직선 거리	Vertical Line Intersection
MatchingForm.Text	패턴 매칭	Matching
MatchingForm.btnRun.Text	실행	Run
MatchingForm.groupBoxMatchReview.Text	매칭 검토	Match Review
MatchingForm.lblTemplateTitle.Text	매칭 템플릿	Template to Match
MatchingForm.lblDetectedTitle.Text	검출 영역	Detected Crop
MatchingForm.lblMatchSummaryTitle.Text	매칭 결과	Match Result
MatchingForm.RunName	패턴 매칭	Matching
MatchingForm.State.RunToCompare	매칭을 실행하면 비교 결과가 표시됩니다.	Run matching to compare.
MatchingForm.State.TemplateChanged	템플릿이 변경되었습니다.	Template changed.
MatchingForm.State.NoMatch	매칭 결과가 없습니다.	No match.
MatchingForm.Summary.Template	템플릿	Template
MatchingForm.Summary.Crop	검출 영역	Crop
MatchingForm.Summary.Score	점수	Score
MatchingForm.Summary.Center	중심	Center
MatchingForm.Summary.Size	크기	Size
MatchingForm.Summary.Count	개수	Count
MatchingForm.Summary.Overlay	오버레이	Overlay
MatchingForm.Summary.Output	출력	Output
MatchingForm.Summary.State	상태	State
FeatureMatchingForm.Text	특징 매칭	Feature Matching
FeatureMatchingForm.btnRun.Text	실행	Run
FeatureMatchingForm.groupBoxFeatureReview.Text	특징 매칭 검토	Feature Review
FeatureMatchingForm.lblTemplateTitle.Text	특징 템플릿	Feature Template
FeatureMatchingForm.lblDetectedTitle.Text	검출 영역	Detected Crop
FeatureMatchingForm.lblFeatureSummaryTitle.Text	특징 매칭 결과	Feature Result
FeatureMatchingForm.RunName	특징 매칭	Feature Matching
FeatureMatchingForm.State.RunToCompare	특징 매칭을 실행하면 비교 결과가 표시됩니다.	Run feature matching to compare.
FeatureMatchingForm.State.TemplateChanged	템플릿이 변경되었습니다.	Template changed.
FeatureMatchingForm.State.NoMatch	특징 매칭 결과가 없습니다.	No feature match.
FeatureMatchingForm.Summary.Template	템플릿	Template
FeatureMatchingForm.Summary.Crop	검출 영역	Crop
FeatureMatchingForm.Summary.Score	점수	Score
FeatureMatchingForm.Summary.Center	중심	Center
FeatureMatchingForm.Summary.Size	크기	Size
FeatureMatchingForm.Summary.Count	개수	Count
FeatureMatchingForm.Summary.Angle	각도	Angle
FeatureMatchingForm.Summary.Overlay	오버레이	Overlay
FeatureMatchingForm.Summary.Output	출력	Output
FeatureMatchingForm.Summary.State	상태	State
AiRecipe.LayerFlow.RunPreviewFirst	FLOW NG | Preview를 실행하고 Step을 선택한 뒤 Layer Flow를 수정하십시오.	FLOW NG | Run Preview and select a step before editing layer flow.
AiRecipe.LayerFlow.PreviousOutputMissing	FLOW NG | 이전 출력 레이어를 찾을 수 없습니다.	FLOW NG | Previous output layer was not found.
AiRecipe.LayerFlow.InputRequired	FLOW NG | 입력 레이어가 필요합니다.	FLOW NG | Input Layer is required.
AiRecipe.LayerFlow.OutputRequired	FLOW NG | 출력 레이어가 필요합니다.	FLOW NG | Output Layer is required.
AiRecipe.LayerFlow.Applied	FLOW | Step {0:00} {1} | Input {2} -> {3}, Output {4} -> {5}{6}.	FLOW | Step {0:00} {1} | Input {2} -> {3}, Output {4} -> {5}{6}.
AiRecipe.LayerFlow.BranchAllowed	, 분기=허용	, Branch=Allowed
AiRecipe.LayerFlow.RunningPreview	FLOW | 변경된 Layer Flow로 Preview를 실행합니다.	FLOW | Running Preview with the changed layer flow.
AiRecipe.LayerFlow.RerunPreview	FLOW | 변경된 Layer Flow를 확인하려면 Preview를 다시 실행하십시오.	FLOW | Re-run Preview to verify the changed layer flow.
AiRecipe.LayerFlow.ValidationStillHasErrors	FLOW NG | Layer Flow 수정 후에도 검증 오류가 남아 있습니다.	FLOW NG | Validation still has errors after layer flow edit.
RotateScale.Text	회전 / 스케일	Rotate / Scale
RotateScale.RunName	회전 / 스케일	Rotate / Scale
RotateScale.PreviewRunName	회전 / 스케일 미리보기	Rotate / Scale Preview
RotateScale.groupBox3.Text	입력 레이어	Input Layer
RotateScale.groupBox4.Text	출력 레이어	Output Layer
RotateScale.rjLabel4.Text	회전 각도	Rotate
RotateScale.rjLabelScaleX.Text	가로 스케일 (%)	Scale X (%)
RotateScale.rjLabelScaleY.Text	세로 스케일 (%)	Scale Y (%)
RotateScale.rjButton1.Text	회전 / 스케일 실행	Run Rotate / Scale
RotateScale.cbLayerList.ToolTip	변환할 원본 이미지를 선택합니다.	Select the source image to transform.
RotateScale.cbLayerList2.ToolTip	변환 결과를 기록할 레이어를 선택합니다.	Select the layer that receives the transformed image.
RotateScale.btnNewPanel_Desty.ToolTip	새 출력 레이어를 추가합니다.	Add a new output layer.
RotateScale.trbRotate.ToolTip	회전 각도를 조정합니다.	Adjust the rotation angle.
RotateScale.trbScaleX.ToolTip	가로 확대/축소 비율을 조정합니다.	Adjust horizontal scale.
RotateScale.trbScaleY.ToolTip	세로 확대/축소 비율을 조정합니다.	Adjust vertical scale.
RotateScale.Error.InputImageEmpty	입력 이미지가 없습니다.	Input image is empty.
RotateScale.Error.SourceImageEmpty	원본 이미지가 없습니다.	Source image is empty.
PipelineBatch.Text	파이프라인 배치 실행	Pipeline Batch Run
PipelineBatch.sampleSetsLabel.Text	샘플 세트	Sample Sets
PipelineBatch.batchResultsLabel.Text	배치 결과	Batch Results
PipelineBatch.stepPreviewLabel.Text	Step 미리보기	Step Preview
PipelineBatch.batchStatusLabel.Text	대기	Ready
PipelineBatch.btnSelectAll.Text	전체	All
PipelineBatch.btnClear.Text	해제	Clear
PipelineBatch.btnRefresh.Text	새로고침	Refresh
PipelineBatch.btnCancel.Text	취소	Cancel
PipelineBatch.btnRunFailed.Text	실패 재실행	Run Failed
PipelineBatch.btnRunAll.Text	전체 실행	Run All
PipelineBatch.btnRunSelected.Text	선택 실행	Run Checked
PipelineBatch.btnOpenSummary.Text	결과 폴더	Open Summary
PipelineBatch.btnHistory.Text	이력	History
PipelineBatch.resultSampleColumn.HeaderText	샘플	Sample
PipelineBatch.resultStatusColumn.HeaderText	상태	Status
PipelineBatch.resultSuccessColumn.HeaderText	판정	Pass
PipelineBatch.resultElapsedColumn.HeaderText	ms	ms
PipelineBatch.resultFailedStepColumn.HeaderText	실패 Step	Failed Step
PipelineBatch.resultMessageColumn.HeaderText	메시지	Message
PipelineBatch.stepIndexColumn.HeaderText	No	No
PipelineBatch.stepStatusColumn.HeaderText	상태	Status
PipelineBatch.stepAcceptanceColumn.HeaderText	허용	Accept
PipelineBatch.stepNameColumn.HeaderText	이름	Name
PipelineBatch.stepToolColumn.HeaderText	Tool	Tool
PipelineBatch.stepElapsedColumn.HeaderText	ms	ms
PipelineBatch.stepImageColumn.HeaderText	이미지	Image
PipelineBatch.stepOverlayColumn.HeaderText	오버레이	Overlay
PipelineBatch.stepMetricColumn.HeaderText	메트릭	Metric
PipelineBatch.stepErrorColumn.HeaderText	에러	Error
PipelineBatch.stepResultStatusColumn.HeaderText	결과	Result
PipelineBatch.stepMessageColumn.HeaderText	메시지	Message
PipelineBatch.stepAcceptanceMessageColumn.HeaderText	허용 조건	Acceptance
PipelineBatch.stepDiagnosticHintColumn.HeaderText	진단	Diagnostic
PipelineBatch.stepSuggestedFixColumn.HeaderText	수정 제안	Suggested Fix
PipelineBatch.metricNameColumn.HeaderText	메트릭	Metric
PipelineBatch.metricValueColumn.HeaderText	값	Value
PipelineBatch.NoSampleSets	샘플 세트가 없습니다. 먼저 Pipeline Samples 창에서 샘플 세트를 저장하십시오.	No sample sets. Save sample sets from the Pipeline Samples window first.
PipelineBatch.SamplesCount	샘플: {0}	Samples: {0}
PipelineBatch.MessageTitle	파이프라인 배치	Pipeline Batch
PipelineBatch.NoFailedSample	재실행할 실패 샘플이 없습니다.	No failed sample to run.
PipelineBatch.NoSampleSetSelected	선택된 샘플 세트가 없습니다.	No sample set selected.
PipelineBatch.CancelRequested	취소 요청됨. 현재 Step이 중지될 때까지 대기합니다.	Cancel requested. Waiting for the current step to stop.
PipelineBatch.ReadyToRun	{0}개 샘플 실행 준비.	Ready to run {0} sample(s).
PipelineBatch.BatchFinished	배치 완료. 전체: {0}, Pass: {1}, Fail: {2}	Batch finished. Total: {0}, Pass: {1}, Fail: {2}
PipelineBatch.Elapsed	소요 시간: {0:0.0} ms	Elapsed: {0:0.0} ms
PipelineBatch.SummaryPath	요약: {0}	Summary: {0}
PipelineBatch.SummarySaveFailed	요약 저장 실패.	Summary save failed.
PipelineBatch.SummarySaveFailedDetail	배치 요약 저장 실패: {0}	Batch summary save failed: {0}
PipelineBatch.BatchCanceled	배치가 취소되었습니다.	Batch canceled.
PipelineBatch.NoBatchResultSelected	선택된 배치 결과가 없습니다.	No batch result selected.
PipelineBatch.Sample	샘플: {0}	Sample: {0}
PipelineBatch.StatusLine	상태: {0}   성공: {1}   전체: {2:0.0} ms	Status: {0}   Success: {1}   Total: {2:0.0} ms
PipelineBatch.Message	메시지: {0}	Message: {0}
PipelineBatch.Report	리포트: {0}	Report: {0}
PipelineBatch.NoBatchResult	배치 결과가 없습니다.	No batch result.
PipelineBatch.NoStep	(Step 없음)	(no step)
PipelineBatch.None	없음	None
PipelineBatch.Summary	요약: 전체 {0}, Pass {1}, Fail {2}	Summary: Total {0}, Pass {1}, Fail {2}
PipelineBatch.StatusSummary	상태: {0}	Status: {0}
PipelineBatch.FailedSteps	실패 Step: {0}	Failed Steps: {0}
PipelineBatch.Filter.All	전체	All
PipelineBatch.Filter.Failed	실패	Failed
PipelineBatch.Filter.Passed	통과	Passed
PipelineBatch.Filter.Invalid	잘못된 설정	Invalid
PipelineBatch.Filter.Error	오류	Error
PipelineBatch.Filter.Timeout	시간 초과	Timeout
PipelineBatch.Filter.Cancel	취소	Cancel
PipelineHistory.Text	파이프라인 실행 이력	Pipeline Run History
PipelineHistory.btnRefresh.Text	새로고침	Refresh
PipelineHistory.btnOpenFolder.Text	폴더 열기	Open Folder
PipelineHistory.stepIndexColumn.HeaderText	No	No
PipelineHistory.stepStatusColumn.HeaderText	상태	Status
PipelineHistory.stepAcceptanceColumn.HeaderText	허용	Accept
PipelineHistory.stepNameColumn.HeaderText	이름	Name
PipelineHistory.stepToolColumn.HeaderText	Tool	Tool
PipelineHistory.stepElapsedColumn.HeaderText	ms	ms
PipelineHistory.stepImageColumn.HeaderText	이미지	Image
PipelineHistory.stepOverlayColumn.HeaderText	오버레이	Overlay
PipelineHistory.stepMetricColumn.HeaderText	메트릭	Metric
PipelineHistory.stepErrorColumn.HeaderText	에러	Error
PipelineHistory.stepResultStatusColumn.HeaderText	결과	Result
PipelineHistory.stepMessageColumn.HeaderText	메시지	Message
PipelineHistory.stepAcceptanceMessageColumn.HeaderText	허용 조건	Acceptance
PipelineHistory.stepDiagnosticHintColumn.HeaderText	진단	Diagnostic
PipelineHistory.stepSuggestedFixColumn.HeaderText	수정 제안	Suggested Fix
PipelineHistory.metricNameColumn.HeaderText	메트릭	Metric
PipelineHistory.metricValueColumn.HeaderText	값	Value
PipelineHistory.NoRunReport	실행 리포트가 없습니다.	No run report.
PipelineHistory.Pipeline	파이프라인: {0}	Pipeline: {0}
PipelineHistory.Started	시작: {0}	Started: {0}
PipelineHistory.Finished	종료: {0}	Finished: {0}
PipelineHistory.Total	전체: {0:0.0} ms   성공: {1}   전체 출력: {2}	Total: {0:0.0} ms   Success: {1}   All Outputs: {2}
PipelineBatchHistory.Text	파이프라인 배치 이력	Pipeline Batch History
PipelineBatchHistory.batchRunsLabel.Text	배치 실행 이력	Batch Runs
PipelineBatchHistory.sampleResultsLabel.Text	샘플 결과	Sample Results
PipelineBatchHistory.stepPreviewLabel.Text	Step 미리보기	Step Preview
PipelineBatchHistory.btnRefresh.Text	새로고침	Refresh
PipelineBatchHistory.btnOpenFolder.Text	폴더 열기	Open Folder
PipelineBatchHistory.resultSampleColumn.HeaderText	샘플	Sample
PipelineBatchHistory.resultStatusColumn.HeaderText	상태	Status
PipelineBatchHistory.resultSuccessColumn.HeaderText	판정	Pass
PipelineBatchHistory.resultElapsedColumn.HeaderText	ms	ms
PipelineBatchHistory.resultFailedStepColumn.HeaderText	실패 Step	Failed Step
PipelineBatchHistory.resultMessageColumn.HeaderText	메시지	Message
PipelineBatchHistory.stepIndexColumn.HeaderText	No	No
PipelineBatchHistory.stepStatusColumn.HeaderText	상태	Status
PipelineBatchHistory.stepNameColumn.HeaderText	이름	Name
PipelineBatchHistory.stepToolColumn.HeaderText	Tool	Tool
PipelineBatchHistory.stepElapsedColumn.HeaderText	ms	ms
PipelineBatchHistory.stepImageColumn.HeaderText	이미지	Image
PipelineBatchHistory.stepOverlayColumn.HeaderText	오버레이	Overlay
PipelineBatchHistory.stepMetricColumn.HeaderText	메트릭	Metric
PipelineBatchHistory.stepMessageColumn.HeaderText	메시지	Message
PipelineBatchHistory.metricNameColumn.HeaderText	메트릭	Metric
PipelineBatchHistory.metricValueColumn.HeaderText	값	Value
PipelineBatchHistory.NoBatchSummary	배치 요약이 없습니다.	No batch summary.
PipelineBatchHistory.NoSampleResult	샘플 결과가 없습니다.	No sample result.
PipelineBatchHistory.Sample	샘플: {0}	Sample: {0}
PipelineBatchHistory.StatusLine	상태: {0}   성공: {1}   전체: {2:0.0} ms	Status: {0}   Success: {1}   Total: {2:0.0} ms
PipelineBatchHistory.Message	메시지: {0}	Message: {0}
PipelineBatchHistory.Report	리포트: {0}	Report: {0}
PipelineBatchHistory.Pipeline	파이프라인: {0}	Pipeline: {0}
PipelineBatchHistory.Started	시작: {0}	Started: {0}
PipelineBatchHistory.Finished	종료: {0}	Finished: {0}
PipelineBatchHistory.Total	전체: {0}   Pass: {1}   Fail: {2}   소요: {3:0.0} ms	Total: {0}   Pass: {1}   Fail: {2}   Elapsed: {3:0.0} ms
PipelineBatchHistory.FilteredResultsZero	필터 결과: 0	Filtered Results: 0
PipelineBatchHistory.FilteredResults	필터 결과: {0}	Filtered Results: {0}
PipelineBatchHistory.StatusSummary	상태: {0}	Status: {0}
PipelineBatchHistory.FailedSteps	실패 Step: {0}	Failed Steps: {0}
PipelineBatchHistory.NoStep	(Step 없음)	(no step)
PipelineBatchHistory.None	없음	None
PipelineBatchHistory.Filter.All	전체	All
PipelineBatchHistory.Filter.Failed	실패	Failed
PipelineBatchHistory.Filter.Passed	통과	Passed
PipelineBatchHistory.Filter.Invalid	잘못된 설정	Invalid
PipelineBatchHistory.Filter.Error	오류	Error
PipelineBatchHistory.Filter.Timeout	시간 초과	Timeout
PipelineBatchHistory.Filter.Cancel	취소	Cancel
PipelineSamples.Text	파이프라인 샘플	Pipeline Samples
PipelineSamples.tabCatalog.Text	레시피 카탈로그	Recipe Catalog
PipelineSamples.tabSaved.Text	저장된 작업 영역	Saved Workspace
PipelineSamples.catalogSourcePreviewLabel.Text	입력 이미지	Source
PipelineSamples.catalogReferencePreviewLabel.Text	기대 결과	Expected Result
PipelineSamples.catalogReferenceEmptyLabel.Text	기대 결과 이미지 없음	No expected result yet
PipelineSamples.CatalogSource	카탈로그 출처	Catalog Source
PipelineSamples.CatalogSourceEmpty	카탈로그 출처 없음	No catalog source.
PipelineSamples.btnOpenCatalog.Text	열기 + 미리보기	Open + Preview
PipelineSamples.btnCheckCatalog.Text	샘플 검사	Check Sample
PipelineSamples.btnCheckPair.Text	쌍 검사	Check Pair
PipelineSamples.btnSaveCurrent.Text	현재 상태 저장	Save Current
PipelineSamples.btnLoad.Text	로드	Load
PipelineSamples.btnDelete.Text	삭제	Delete
PipelineSamples.btnRefresh.Text	새로고침	Refresh
PipelineSamples.btnOpenCatalog.ToolTip	선택한 샘플 이미지와 파이프라인을 열고 미리보기를 실행합니다.	Open the selected sample image and pipeline, then run Preview.
PipelineSamples.btnCheckCatalog.ToolTip	선택한 샘플이 기대 결과 범위에 들어오는지 검사합니다.	Check whether the selected sample meets its expected result.
PipelineSamples.btnCheckPair.ToolTip	Good/Bad 샘플 쌍을 같은 파이프라인으로 검사합니다.	Check Good/Bad sample pairs with the same pipeline.
PipelineSamples.btnSaveCurrent.ToolTip	현재 레이어 이미지를 샘플 세트로 저장합니다.	Save the current layer images as a sample set.
PipelineSamples.btnLoad.ToolTip	저장된 샘플 세트를 현재 작업 영역으로 로드합니다.	Load the saved sample set into the current workspace.
PipelineSamples.btnDelete.ToolTip	선택한 저장 샘플을 삭제합니다.	Delete the selected saved sample.
PipelineSamples.btnRefresh.ToolTip	샘플 목록과 카탈로그 상태를 다시 읽습니다.	Refresh sample lists and catalog status.
PipelineSamples.CoverageEmpty	카탈로그 커버리지: -	Catalog coverage: -
PipelineSamples.NoSample	샘플 없음	No sample
PipelineSamples.SelectRecipeSample	샘플 이미지, 파이프라인, 기대 결과를 확인할 레시피 샘플을 선택하십시오.	Select a recipe sample to load its image, pipeline, and expected result.
PipelineSamples.LearnEmpty	학습: -	Learn: -
PipelineSamples.ExpectedEmpty	기대 결과: -	Expected: -
PipelineSamples.SampleFallback	샘플	Sample
PipelineSamples.CoverageNone	없음	none
PipelineSamples.CoverageSummary	카탈로그 커버리지: {0}/{1} 폴더 | 미등록: {2}	Catalog coverage: {0}/{1} folders covered | Backlog: {2}
PipelineSamples.ExpectedHeaderEmpty	기대 결과: -	Expected: -
PipelineSamples.ExpectedHeaderPipeline	기대: {0} | 파이프라인: {1}	Expected: {0} | Pipeline: {1}
PipelineSamples.ExpectedHeaderPairPipeline	기대: {0} | 쌍: {1} | 파이프라인: {2}	Expected: {0} | Pair: {1} | Pipeline: {2}
PipelineSamples.ExpectedHeaderLast	기대: {0} | 마지막: {1} | 최종: {2}	Expected: {0} | Last: {1} | Final: {2}
PipelineSamples.ExpectedHeaderPairLast	기대: {0} | 쌍: {1} | 마지막: {2} | 최종: {3}	Expected: {0} | Pair: {1} | Last: {2} | Final: {3}
PipelineSamples.ExpectedMetricCount	메트릭 {0}개	{0} metrics
PipelineSamples.GuideTitle	샘플 선택 가이드	Sample Selection Guide
PipelineSamples.GuidePipeline	추천 Pipeline: {0} | 흐름: {1}	Recommended Pipeline: {0} | Flow: {1}
PipelineSamples.GuideMetric	기대 결과 / Pair: {0}	Expected / Pair: {0}
PipelineSamples.GuideCheck	확인할 값: {0}	Check: {0}
PipelineSamples.GuideFix	실패 시 수정 포인트: {0}	If NG: {0}
PipelineSamples.GuideLastNotRun	마지막 검사: 실행 안 됨	Last check: not run
PipelineSamples.GuideLast	마지막 검사: {0} | 실제 {1} | 최종 {2}	Last check: {0} | Actual {1} | Final {2}
PipelineSamples.LearnPairMissing	학습: {0} | 쌍 비교: 대상 없음	Learn: {0} | Pair Compare: pair target missing
PipelineSamples.LearnFlowPairMissing	학습: {0} | 흐름: {1} | 쌍 비교: 대상 없음	Learn: {0} | Flow: {1} | Pair Compare: pair target missing
PipelineSamples.LearnPair	학습: {0} | 쌍 비교: {1}	Learn: {0} | Pair Compare: {1}
PipelineSamples.LearnFlowPair	학습: {0} | 흐름: {1} | 쌍 비교: {2}	Learn: {0} | Flow: {1} | Pair Compare: {2}
PipelineSamples.PairSummaryMissing	Good / Bad 쌍: {0}\n - 쌍 샘플이 카탈로그에 등록되지 않았습니다.	Good / Bad Pair: {0}\n - Matching pair sample is not registered in the catalog.
PipelineSamples.PairSummaryTitle	Good / Bad 쌍: {0} ({1}개 샘플)	Good / Bad Pair: {0} ({1} samples)
PipelineSamples.PairSummaryLastNotRun	마지막 검사 안 됨	Last not run
PipelineSamples.PairSummaryLast	마지막 {0} | 실제 {1} | 최종 {2}	Last {0} | actual {1} | final {2}
PipelineSamples.PairSummaryLine	 - {0} {1}: 기대 {2} | {3}	 - {0} {1}: expected {2} | {3}
PipelineSamples.PairSummaryPurpose	목적: 같은 Recipe를 OK/NG 기준 이미지에 실행하고 기대 메트릭 범위를 비교합니다.	Purpose: run the same recipe on OK/NG references and compare expected metric bounds.
PipelineSamples.ReferenceNotDefined	정의 안 됨	not defined
PipelineSamples.ReferenceMissing	{0} (없음)	{0} (missing)
PipelineSamples.NoCatalogSample	카탈로그 샘플이 없습니다.	No catalog sample.
PipelineSamples.Ready	준비됨	Ready
PipelineSamples.MissingFile	파일 없음	Missing file
PipelineSamples.LastCheckNotRun	마지막 검사: 실행 안 됨	Last check: Not run
PipelineSamples.LastCheck	마지막 검사: {0} | {1} | 최종: {2} | 오버레이: {3} | {4:0.0} ms | {5:HH:mm:ss}	Last check: {0} | {1} | Final: {2} | Overlays: {3} | {4:0.0} ms | {5:HH:mm:ss}
PipelineSamples.FailedStep	실패 Step: {0}	Failed step: {0}
PipelineSamples.Action	동작: {0}	Action: {0}
PipelineSamples.StepFlow	Step 흐름: {0}	Step flow: {0}
PipelineSamples.MetricReviewNotRun	메트릭 검토: 실행 안 됨	Metric review: Not run
PipelineSamples.ExpectedMetric	기대 메트릭: {0}	Expected metric: {0}
PipelineSamples.ExpectedReason	기대 근거: {0}	Expected reason: {0}
PipelineSamples.FixGuide	수정 포인트: {0}	Fix point: {0}
PipelineSamples.Pair	쌍: {0}	Pair: {0}
PipelineSamples.RecipeGuide	레시피 가이드: {0}	Recipe guide: {0}
PipelineSamples.Category	분류: {0}	Category: {0}
PipelineSamples.Goal	목표: {0}	Goal: {0}
PipelineSamples.Image	이미지: {0} ({1} x {2})	Image: {0} ({1} x {2})
PipelineSamples.Reference	기대 결과 이미지: {0}	Reference: {0}
PipelineSamples.Pipeline	파이프라인: {0}	Pipeline: {0}
PipelineSamples.OpenPreviewAction	동작: 열기 + 미리보기는 이 이미지와 레시피를 불러온 뒤 Pipeline에서 미리보기를 실행합니다.	Action: Open + Preview loads this image and recipe, then runs preview in Pipeline.
PipelineSamples.Validation	검증: {0}	Validation: {0}
PipelineSamples.State	상태: {0}	State: {0}
PipelineSamples.CheckMessage	검사 메시지: {0}	Check message: {0}
PipelineSamples.pairRoleColumn.HeaderText	역할	Role
PipelineSamples.pairSampleColumn.HeaderText	샘플	Sample
PipelineSamples.pairExpectedColumn.HeaderText	기대 결과	Expected
PipelineSamples.pairActualColumn.HeaderText	실제 결과	Actual
PipelineSamples.pairStatusColumn.HeaderText	상태	Status
PipelineSamples.SelectSample	샘플을 선택하십시오	Select a sample
PipelineSamples.NoExpectedResultYet	기대 결과 이미지 없음	No expected result yet
PipelineSamples.ExpectedResultNotFound	기대 결과 이미지를 찾을 수 없음	Expected result not found
PipelineSamples.NoSampleSet	저장된 샘플 세트가 없습니다.	No sample set.
PipelineSamples.SavedName	이름: {0}	Name: {0}
PipelineSamples.SavedLayers	레이어 수: {0}	Layers: {0}
PipelineSamples.SavedAt	저장 시간: {0:yyyy-MM-dd HH:mm:ss}	Saved: {0:yyyy-MM-dd HH:mm:ss}
PipelineSamples.SavedPath	경로: {0}	Path: {0}
PipelineSamples.Checking	검사 중...	Checking...
PipelineSamples.CheckingPair	쌍 검사 중...	Checking Pair...
PipelineSamples.ExpectedPipeline	기대 결과: {0} | 파이프라인: {1}	Expected: {0} | Pipeline: {1}
PipelineSamples.PairCheck	쌍 검사: {0} | {1}개 샘플	Pair Check: {0} | {1} samples
PipelineSamples.CheckingGoodBadPair	Good/Bad 쌍 검사 중: {0}	Checking Good/Bad pair: {0}
PipelineSamples.PairWaitingLine	 - {0} {1}: 대기	 - {0} {1}: waiting
PipelineSamples.SaveSampleTitle	샘플 저장	Save Sample
PipelineSamples.SampleName	샘플 이름	Sample Name
PipelineSamples.MessageTitle	파이프라인 샘플	Pipeline Samples
PipelineSamples.SampleSaved	샘플을 저장했습니다. 레이어 수: {0}	Sample saved. Layers: {0}
PipelineSamples.SampleLoaded	샘플을 로드했습니다. 레이어 수: {0}	Sample loaded. Layers: {0}
PipelineSamples.DeleteSampleConfirm	샘플 '{0}'을 삭제하시겠습니까?	Delete sample '{0}'?
PipelineAddStep.Text	파이프라인 Step 추가	Add Pipeline Step
PipelineAddStep.captionLabel.Text	파이프라인 Step 추가	Add Pipeline Step
PipelineAddStep.positionLabel.Text	추가 위치	Position
PipelineAddStep.toolLabel.Text	1. Tool	1. Tool
PipelineAddStep.stepNameLabel.Text	2. Step 이름	2. Step Name
PipelineAddStep.inputLayerLabel.Text	3. 입력 이미지	3. Input Source
PipelineAddStep.outputLayerLabel.Text	4. 출력 이미지	4. Output Result
PipelineAddStep.inputCardTitle.Text	INPUT	INPUT
PipelineAddStep.toolCardTitle.Text	TOOL	TOOL
PipelineAddStep.outputCardTitle.Text	OUTPUT	OUTPUT
PipelineAddStep.chkAllowBranch.Text	분기 입력 허용	Allow branch input
PipelineAddStep.btnCancel.Text	취소	Cancel
PipelineAddStep.btnAdd.Text	Step 추가	Add Step
PipelineAddStep.cbToolType.ToolTip	파이프라인에 추가할 Vision Tool입니다.	Vision tool to add to the pipeline.
PipelineAddStep.insertPositionValue.ToolTip	새 Step이 삽입될 위치입니다.	Where the new step will be inserted.
PipelineAddStep.tbStepName.ToolTip	Step 목록과 로그에 표시될 이름입니다.	Name shown in the step list and run log.
PipelineAddStep.cbInputLayer.ToolTip	이 Step이 읽을 이미지입니다. 기본값은 이전 Step 출력이며, 다른 레이어를 고르면 분기 흐름입니다.	Image source used by this step. The previous output is selected by default; choosing another layer creates a branch.
PipelineAddStep.tbOutputLayer.ToolTip	이 Step이 생성할 결과 레이어입니다. 입력과 다른 이름을 사용해야 합니다.	Result layer created by this step. Keep it different from the input source.
PipelineAddStep.flowPreviewPanel.ToolTip	새 Step이 파이프라인 흐름에 어떻게 연결되는지 보여줍니다.	Shows how this new step will connect to the pipeline.
PipelineAddStep.chkAllowBranch.ToolTip	이전 Step 출력이 아닌 별도 레이어를 의도적으로 읽을 때만 켭니다.	Turn this on only when this step should intentionally read from a layer other than the previous output.
PipelineAddStep.AppendToPipeline	파이프라인 끝에 추가	Append to pipeline
PipelineAddStep.ReadyPrefix	준비 완료. 	Ready. 
PipelineAddStep.Validation.SelectTool	Tool을 선택하십시오.	Select a tool.
PipelineAddStep.Validation.EnterStepName	Step 이름을 입력하십시오.	Enter a step name.
PipelineAddStep.Validation.StepNameExists	Step 이름 '{0}'이 이미 있습니다.	Step name '{0}' already exists.
PipelineAddStep.Validation.SelectInputLayer	입력 이미지를 선택하십시오.	Select an input layer.
PipelineAddStep.Validation.EnterOutputLayer	출력 이미지를 입력하십시오.	Enter an output layer.
PipelineAddStep.Validation.OutputDifferent	출력 이미지는 입력 이미지와 달라야 합니다.	Output layer must be different from input layer.
PipelineAddStep.Validation.OutputNotMain	Main은 출력 이미지로 사용할 수 없습니다.	Output layer cannot be Main.
PipelineAddStep.Validation.OutputLayerExists	출력 이미지 '{0}'이 이미 있습니다.	Output layer '{0}' already exists.
PipelineAddStep.Validation.BranchInputSelected	분기 입력입니다. 이전 출력 '{1}' 대신 '{0}'을 읽으려면 '분기 입력 허용'을 켜십시오.	Branch input selected. Turn on 'Allow branch input' to read '{0}' instead of previous output '{1}'.
PipelineAddStep.Flow.SourceReady	'{0}'에서 시작하여 '{1}'을 생성합니다.	Source flow: starts from '{0}' and creates '{1}'.
PipelineAddStep.Flow.BranchReady	이전 출력 '{1}' 대신 '{0}'을 읽습니다.	Branch flow: reads '{0}' instead of previous output '{1}'.
PipelineAddStep.Flow.DefaultReady	이전 출력 '{0}'이 이 Step의 입력이 됩니다.	Default link: previous output '{0}' becomes this step input.
PipelineAddStep.Flow.SourceRelation	Main -> {0}	Source flow: Main -> {0}.
PipelineAddStep.Flow.DefaultRelation	이전 출력 '{0}' -> {1}	Default link: previous output '{0}' -> {1}.
PipelineAddStep.Flow.BranchRelation	분기 입력 '{0}'이 이전 출력을 우회합니다.	Branch flow: selected input '{0}' bypasses previous output.
App.Subtitle	Rule-based Vision Workbench	Rule-based Vision Workbench
Shell.Operator	작업자	Operator
Shell.Workbench	작업대	Workbench
Shell.Camera	카메라	Camera
Shell.Select	선택	Select
Shell.All	전체	All
Shell.DirectResult	직접 실행 결과	Direct Result
Shell.DirectBadgeReady	대기	Ready
Shell.DirectBadgeOk	OK	OK
Shell.DirectStatusReady	실행 전	Not run
Shell.DirectStatusReadyDetail	도구를 실행하면 결과가 표시됩니다.	Run the tool to show a result.
Shell.DirectStatusOk	완료	Done
Shell.DirectStatusOkFormat	완료 | {0}	Done | {0}
Shell.ResultPreview	결과 미리보기	Result Preview
Shell.LayersResults	레이어 / 결과	Layers / Results
Shell.SelectedLayerDetail	선택 레이어	Selected Layer
Shell.StatusPassed	상태: 통과	Status: Passed
Shell.ElapsedSample	소요 시간: 14.2 ms	Elapsed: 14.2 ms
Shell.MainLayer	Main 레이어	Main Layer
Shell.SelectedLayerCanvasFormat	{0} 레이어	{0} Layer
Shell.CanvasLayerStatusFormat	레이어 {0} | {1}	Layer {0} | {1}
Shell.ToolPreview	도구 미리보기	Tool Preview
Shell.ToolPreviewFormat	{0} 미리보기	{0} Preview
Shell.InputPreviewFormat	{0} 입력	{0} Input
Shell.OutputPreviewFormat	{0} 출력	{0} Output
Shell.SelectedToolFormat	{0} (선택됨)	{0} (selected)
Shell.RouteEmpty	예상 경로: Main -> -	Expected: Main -> -
Shell.RouteFormat	예상 경로: Main -> {0}	Expected: Main -> {0}
Shell.RoutePairFormat	예상 경로: {0} -> {1}	Expected: {0} -> {1}
Shell.RouteInputFallback	선택 입력	Selected input
Shell.RouteOutputFallback	선택 출력	Selected output
Shell.RoutePipelineReview	예상 경로: Pipeline Review 선택 Step	Expected: selected Pipeline Review step
Shell.PendingTool.NavStatus	준비	Pending
Shell.PendingTool.NavDescription	도구 화면을 준비 중입니다.	Tool view is being prepared.
Shell.PendingTool.Status	준비 중	Pending
Shell.PendingTool.Message	이 도구 화면은 아직 준비 중입니다. 완료 후 이 창에서 바로 실행됩니다.	This tool view is being prepared. It will open here when it is ready.
Shell.PendingTool.Route	메인 작업영역과 레이어 선택은 계속 사용할 수 있습니다.	Main workspace and layer selection remain available.
Shell.ReadyFoundation	준비	Ready
Shell.ReadySelectedFormat	준비 | 선택: {0}	Ready | Selected: {0}
Shell.LayerDetailNoImage	이미지 없음	No image
Shell.LayerDetailPending	레이어 대기	Layer pending
Shell.WorkspaceEmptyTitle	이미지 없음	No image
Shell.WorkspaceEmptyDetail	이미지를 준비한 뒤 도구, Pipeline, 결과 검증 순서로 진행하십시오.	Prepare an image, then proceed through tool setup, Pipeline, and result validation.
Shell.WorkspaceLoadImage	이미지 로드...	Load Image...
Shell.WorkspaceLoadImageButton	이미지 로드	Load Image
Shell.OpenLayerWindow	레이어 새 창으로 보기	Open Layer in New Window
Shell.OpenLayerWindowShort	팝업	Popout
Shell.CreateLayer	새 레이어 만들기	Create Layer
Shell.CreateLayerShort	새 레이어	New
Shell.LoadImageIntoLayer	선택 레이어에 이미지 넣기	Load Image into Layer
Shell.LoadImageIntoLayerShort	이미지 넣기	Load
Shell.RenameLayer	선택 레이어 이름 변경	Rename Selected Layer
Shell.RenameLayerShort	이름 변경	Rename
Shell.DeleteLayer	선택 레이어 삭제	Delete Layer
Shell.DeleteLayerShort	삭제	Delete
Shell.LayerViewerTitleFormat	레이어 보기 - {0}	Layer View - {0}
Shell.DockLayer	레이어 도킹	Dock Layer
Shell.DockLayerShort	도킹	Dock
Shell.ClearDockedLayers	도킹 레이어 비우기	Clear Docked Layers
Shell.ClearDockedLayersShort	해제	Clear
Shell.UndockLayer	도킹 해제	Undock Layer
Shell.DockedLayerStatusFormat	도킹 레이어 {0}개	Docked layers: {0}
Shell.FloatDockedTool	툴 창 분리	Float tool window
Shell.CloseDockedTool	툴 닫기	Close tool
Shell.WorkspaceLoadImageStatusFormat	Main 이미지 로드됨: {0}	Main image loaded: {0}
ToolView.NoInputImageTitle	입력 이미지 없음	No input image
ToolView.NoInputImageDetail	이미지를 로드해 이 도구의 테스트를 시작하십시오.	Load an image to start testing this tool.
ToolView.NoOutputImageTitle	결과 이미지 없음	No result image
ToolView.NoOutputImageDetail	미리보기를 실행하면 결과 이미지가 표시됩니다.	Run Preview to display a result image.
ToolView.LoadImage	이미지 로드...	Load Image...
ToolView.LoadImageButton	이미지 로드	Load Image
ToolView.SaveImage	이미지 저장...	Save Image...
ToolView.RoutePreviewInputToolTip	작은 입력 썸네일입니다. 클릭하면 중앙 작업영역에서 해당 레이어를 표시합니다.	Input thumbnail. Click to show this layer in the central workspace.
ToolView.RoutePreviewOutputToolTip	작은 출력 썸네일입니다. 클릭하면 중앙 작업영역에서 해당 결과 레이어를 표시합니다.	Output thumbnail. Click to show this result layer in the central workspace.
PipelineReview.Title	파이프라인 리뷰	Pipeline Review
PipelineReview.RecipeContextFormat	레시피: {0}	Recipe: {0}
PipelineReview.ReturnToRecipe	레시피로 돌아가기	Return to Recipe
PipelineReview.ReturnToRecipeToolTip	Pipeline Review를 닫고 선택한 레시피 요약으로 돌아갑니다.	Close Pipeline Review and return to the selected recipe summary.
PipelineReview.StepFlow	Step 흐름	Step Flow
PipelineReview.Step	Step	Step
PipelineReview.Tool	Tool	Tool
PipelineReview.State	상태	State
PipelineReview.Route	입출력	Route
PipelineReview.Input	입력	Input
PipelineReview.Output	출력	Output
PipelineReview.Flow	흐름	Flow
PipelineReview.Parameters	파라미터	Parameters
PipelineReview.Validation	Pipeline 구성	Pipeline definition
PipelineReview.Result	검사 결과	Inspection result
PipelineReview.RunLog	실행 로그	Run Log
PipelineReview.Readiness.Title	검사 준비도	Inspection readiness
PipelineReview.Readiness.Input	입력 이미지	Input image
PipelineReview.Readiness.Route	Step / 경로	Steps / routes
PipelineReview.Readiness.Acceptance	판정 기준	Acceptance
PipelineReview.Readiness.GoodBad	Good / Bad 증거	Good / Bad evidence
PipelineReview.Readiness.Calibration	스케일 검증	Scale verification
PipelineReview.Readiness.NoSteps	활성 Step 없음	No enabled steps
PipelineReview.Readiness.MissingInputFormat	입력 없음: {0}	Missing: {0}
PipelineReview.Readiness.InputReadyFormat	외부 입력 {0}개 준비	{0} source input(s) ready
PipelineReview.Readiness.ErrorsFormat	오류 {0}개	{0} error(s)
PipelineReview.Readiness.WarningsFormat	경고 {0}개 검토	Review {0} warning(s)
PipelineReview.Readiness.StepsReadyFormat	Step {0}개 연결	{0} step(s) connected
PipelineReview.Readiness.AcceptanceReadyFormat	판정 Step {0}개	{0} judgment step(s)
PipelineReview.Readiness.AcceptanceMissing	OK/NG 기준 없음	No OK/NG criterion
PipelineReview.Readiness.GoodBadReady	비교 쌍 준비	Comparison pair ready
PipelineReview.Readiness.GoodBadMissing	비교 쌍 추가 권장	Add a comparison pair
PipelineReview.Readiness.CalibrationNotApplicable	px 또는 무단위	Pixel or unitless result
PipelineReview.Readiness.CalibrationMissingFormat	mm Step {0}개 스케일 없음	Scale missing in {0} mm step(s)
PipelineReview.Readiness.CalibrationMultipleFormat	mm 스케일 {0}종 확인	Review {0} mm scales
PipelineReview.Readiness.CalibrationReferenceCheckFormat	기준물 확인 {0} mm/px	Verify ref {0} mm/px
PipelineReview.Readiness.SummaryChecksAndAdviceFormat	확인 {0}개 / 권장 {1}개	Check {0} / recommended {1}
PipelineReview.Readiness.SummaryChecksFormat	실행 전 확인 {0}개	Check {0} before review
PipelineReview.Readiness.SummaryAdviceFormat	실행 가능 / 권장 {0}개	Runnable / recommended {0}
PipelineReview.Readiness.SummaryReady	리뷰 실행 준비 완료	Ready to run review
PipelineReview.MetaFormat	{0} / {1} Step	{0} / {1} steps
PipelineReview.Progress.NotRun	미실행	Not run
PipelineReview.Progress.NoSteps	Step 없음	No steps
PipelineReview.Progress.Running	실행 중...	Running...
PipelineReview.Progress.CountsFormat	OK {0} / NG {1} / 대기 {2}	OK {0} / NG {1} / WAIT {2}
PipelineReview.Progress.OffFormat	OFF {0}	OFF {0}
PipelineReview.ValidationNotRun	검증 전	Validation not run
PipelineReview.RunRequired	리뷰 실행 필요	Run review required
PipelineReview.RunRequiredDetail	리뷰 실행을 눌러 Step 결과를 갱신하십시오.	Click Run Review to refresh step results.
PipelineReview.RunReview	리뷰 실행	Run Review
PipelineReview.PreviousStep	이전	Previous
PipelineReview.NextStep	다음	Next
PipelineReview.FirstIssueStep	NG Step	NG Step
PipelineReview.OpenSelectedToolLearnButton	도구 배우기	Learn Tool
PipelineReview.EditSelectedStepButton	설정 수정	Edit Step
PipelineReview.EditSelectedStepToolTip	선택한 Step을 Recipe Manager 파라미터 편집기에서 엽니다.	Open the selected step in the Recipe Manager parameter editor.
PipelineReview.PreviousStepToolTip	이전 Pipeline Step 선택	Select the previous pipeline step
PipelineReview.NextStepToolTip	다음 Pipeline Step 선택	Select the next pipeline step
PipelineReview.FirstIssueStepToolTip	첫 NG Pipeline Step 선택	Select the first NG pipeline step
PipelineReview.OpenSelectedToolLearnToolTip	선택한 도구의 Learn 항목 열기	Open the Learn topic for the selected tool
PipelineReview.FixtureTeach.Button	참조 자세 저장	Save as reference
PipelineReview.FixtureTeach.ButtonToolTip	검토한 Matching 자세를 Pipeline 실행 없이 Fixture 참조값으로 저장합니다.	Save the reviewed Matching pose as the fixture reference without running the pipeline
PipelineReview.FixtureTeach.Waiting	리뷰 실행 후 Matching 결과 1개를 확인하십시오.	Run Review and verify one Matching result.
PipelineReview.FixtureTeach.ReadyFormat	X {0} / Y {1} / {2}도 / 배율 {3} · 기준 이미지 확인	X {0} / Y {1} / {2} deg / scale {3}. Confirm the reference image.
PipelineReview.FixtureTeach.SavedFormat	X {0} / Y {1} / {2}도 / 배율 {3} 저장 · ROI 유지 · 리뷰 재실행	Saved X {0} / Y {1} / {2} deg / scale {3}. ROI kept; run review again.
PipelineReview.FixtureTeach.ReadyWithDimensionsFormat	X {0} / Y {1} / {2}도 / {3}배 / 기준 {4} x {5} · 기준 이미지 확인	X {0} / Y {1} / {2} deg / scale {3} / reference {4} x {5}. Confirm the reference image.
PipelineReview.FixtureTeach.SavedWithDimensionsFormat	X {0} / Y {1} / {2}도 / {3}배 / 기준 {4} x {5} 저장 · ROI 유지 · 리뷰 재실행	Saved X {0} / Y {1} / {2} deg / scale {3} / reference {4} x {5}. ROI kept; run review again.
PipelineReview.FixtureTeach.SaveFailedFormat	참조를 저장하지 못했습니다: {0}	Could not save reference: {0}
PipelineReview.FixtureTeach.RunRequired	참조 저장됨	Reference saved
PipelineReview.FixtureTeach.RunRequiredDetail	참조가 변경되었습니다. 소비 Step ROI와 입출력 경로는 유지했습니다. 리뷰 실행을 눌러 모든 결과를 갱신하십시오.	The reference changed. Consumer ROI and routing were preserved; click Run Review to refresh every result.
PipelineReview.FixtureDesigner.Title	Fixture / 상대 ROI	Fixture / Relative ROI
PipelineReview.FixtureDesigner.Relationship	Fixture 관계	Fixture relationship
PipelineReview.FixtureDesigner.Source	원본 + 변환 ROI	Source + transformed ROI
PipelineReview.FixtureDesigner.Normalized	정규화 + 기준 ROI	Normalized + reference ROI
PipelineReview.FixtureDesigner.State	기준 및 현재 상태	Reference and current state
PipelineReview.FixtureDesigner.EditProducer	템플릿 / 검색 ROI 편집	Edit template / search ROI
PipelineReview.FixtureDesigner.EditMeasurement	측정 ROI 편집	Edit measurement ROI
PipelineReview.FixtureDesigner.EditProducerToolTip	Fixture Matching Step을 Recipe Manager PropertyGrid에서 엽니다.	Open the fixture Matching Step in the authoritative Recipe Manager PropertyGrid
PipelineReview.FixtureDesigner.EditMeasurementToolTip	후속 기준좌표 ROI Step을 Recipe Manager PropertyGrid에서 엽니다.	Open the downstream reference-coordinate ROI Step in the authoritative Recipe Manager PropertyGrid
PipelineReview.FixtureDesigner.RunToolTip	파이프라인을 명시적으로 실행하고 Fixture 증거를 갱신합니다.	Run the pipeline explicitly and refresh fixture evidence
PipelineReview.FixtureDesigner.FullImage	전체 이미지	full image
PipelineReview.FixtureDesigner.RelationshipFormat	{0}: {1:00} {2} → {3:00} {4} / 소비자 {5}개 / 선택 {6:00} {7} / ROI {8}	{0}: {1:00} {2} -> {3:00} {4} / consumers {5} / selected {6:00} {7} / ROI {8}
PipelineReview.FixtureDesigner.Consumer	ROI 소비자	ROI consumer
PipelineReview.FixtureDesigner.Tool	도구	Tool
PipelineReview.FixtureDesigner.ReferenceRoi	기준 ROI	Reference ROI
PipelineReview.FixtureDesigner.Route	경로	Route
PipelineReview.FixtureDesigner.ConsumerState	상태	State
PipelineReview.FixtureDesigner.Evidence	증거	Evidence
PipelineReview.FixtureDesigner.TemplateFormat	템플릿: {0} / 검색 ROI: {1}	Template: {0} / search ROI: {1}
PipelineReview.FixtureDesigner.ReferenceFormat	기준 ({0},{1}) / {2}도 / {3}배 / {4}x{5}	Ref ({0},{1}) / {2} deg / {3}x / {4}x{5}
PipelineReview.FixtureDesigner.ReferenceCompactFormat	기준 ({0},{1}) / {2}도 / {3}배 / {4}x{5}	Ref ({0},{1}) / {2} deg / {3}x / {4}x{5}
PipelineReview.FixtureDesigner.ReferenceMissing	기준 자세 또는 이미지 크기가 완전하지 않습니다.	Reference pose or image size is incomplete.
PipelineReview.FixtureDesigner.CurrentFormat	현재 ({0},{1}) / {2}도 / {3}배	Now ({0},{1}) / {2} deg / {3}x
PipelineReview.FixtureDesigner.CurrentCompactFormat	현재 ({0},{1}) / {2}도 / {3}배	Now ({0},{1}) / {2} deg / {3}x
PipelineReview.FixtureDesigner.CurrentWaiting	현재 자세: 리뷰 실행 필요	Current pose: Run Review required
PipelineReview.FixtureDesigner.QualityFormat	점수 {0} / 마진 {1} / 유효 {2}	Score {0} / margin {1} / valid {2}
PipelineReview.FixtureDesigner.QualityCompactFormat	점수 {0} / 마진 {1} / 유효 {2}	Score {0} / margin {1} / valid {2}
PipelineReview.FixtureDesigner.SourceLayerFormat	{0} / 선택 ROI {1} / 변환 소비자 {2}개	{0} / selected ROI {1} / {2} transformed consumers
PipelineReview.FixtureDesigner.SourceWaitingFormat	{0} / 변환 ROI는 리뷰 실행 필요	{0} / Run Review for transformed ROI
PipelineReview.FixtureDesigner.NormalizedLayerFormat	{0} / 선택 ROI {1} / 소비자 {2}개	{0} / selected ROI {1} / {2} consumers
PipelineReview.Ready	파이프라인 리뷰 준비됨	Pipeline review ready
PipelineReview.SelectedFormat	선택: {0}	Selected: {0}
PipelineReview.RunningButton	실행 중...	Running...
PipelineReview.Running	파이프라인 리뷰 실행 중입니다.	Pipeline review is running.
PipelineReview.EmptyFlow	Pipeline Step이 없습니다.	No pipeline steps.
PipelineReview.EmptyHint	Tool View 또는 Pipeline 편집기에서 Step을 추가하십시오.	Add steps from a tool view or the Pipeline editor.
PipelineReview.NoRunResult	실행 결과 없음	No run result
PipelineReview.NoStepsStatus	Pipeline에 Step이 없습니다.	Pipeline has no steps.
PipelineReview.NoImage	이미지 없음	No image
PipelineReview.Execution.NotRun	실행 전	Not run
PipelineReview.Execution.AlreadyRunning	이미 실행 중	Already running
PipelineReview.Execution.NoSteps	Step 없음	No steps
PipelineReview.Execution.ValidationErrors	검증 오류	Validation errors
PipelineReview.ValidationError	검증 오류	Validation error
PipelineReview.FixValidationErrors	리뷰 실행 전 검증 오류를 수정하십시오.	Fix validation errors before running review.
PipelineReview.Execution.Started	시작됨	Started
PipelineReview.RunningSummary	실행 중	Running
PipelineReview.RunningDetail	Pipeline 리뷰 실행 중입니다.	Pipeline review execution in progress.
PipelineReview.Execution.FailedFormat	실패: {0}	Failed: {0}
PipelineReview.RunFailed	실행 실패	Run failed
PipelineReview.Execution.CompletedFormat	완료 / {0} Step 결과	Completed / {0} step results
PipelineReview.Execution.ReferenceChanged	참조 변경됨 / 리뷰 재실행 필요	Reference changed / run review required
PipelineReview.RunLog.ReviewStateFormat	리뷰 상태: {0}	Review state: {0}
PipelineReview.RunLog.ValidationFormat	검증: {0}	Validation: {0}
PipelineReview.RunLog.ResultFormat	결과: {0}	Result: {0}
PipelineReview.RunLog.PreviewModeFormat	미리보기 모드: {0}	Preview mode: {0}
PipelineReview.RunLog.InputImageFormat	입력 이미지: {0}	Input image: {0}
PipelineReview.RunLog.OutputImageFormat	출력 이미지: {0}	Output image: {0}
PipelineReview.NoRunResultForStep	선택 Step 실행 결과 없음.	No run result for selected step.
PipelineReview.Result.ImageLabel	이미지	Image
PipelineReview.Result.OverlaysFormat	Overlay {0}개	Overlays {0}
PipelineReview.ImageMissing	없음	missing
PipelineReview.Validation.ErrorPrefix	오류	Error
PipelineReview.Validation.Valid	Pipeline 구조가 유효합니다.	Pipeline structure looks valid.
PipelineReview.Validation.BranchInputFormat	분기 입력 확인: {0} -> {1}.	Review branch input: {0} -> {1}.
PipelineReview.Flow.DisabledStep	비활성 Step	Disabled step
PipelineReview.Flow.UnknownInput	입력?	Input?
PipelineReview.Flow.SourceImageFormat	원본 이미지: {0}	Source image: {0}
PipelineReview.Flow.BranchInputFormat	분기 입력: {0} / 이전 출력: {1}	Branch input: {0} instead of previous output {1}
PipelineReview.Flow.PreviousOutputFormat	이전 출력: {0}	Previous output: {0}
PipelineReview.Flow.MissingInputFormat	입력 없음: {0}	Missing input: {0}
PipelineReview.RouteFormat	{0} -> {1}	{0} -> {1}
PipelineReview.StepDetails.Title	Step 상세	Step Details
PipelineReview.ObjectInspector.Title	검출 후보	Detection candidates
PipelineReview.ObjectInspector.CountFormat	검출 후보 {0} / 검사 대상 {1} / 필터 제외 {2}	Candidates {0} / inspection objects {1} / filtered out {2}
PipelineReview.ObjectInspector.CandidateGuide	검출 후보는 이진화/윤곽에서 생성된 행이며 실제 물체 수와 다를 수 있습니다. 초록은 검사 대상, 빨강은 현재 PropertyGrid 범위에서 제외된 후보입니다.	Detection candidates come from segmentation/contours and may differ from the physical object count. Green marks inspection objects; red marks candidates filtered out by the current PropertyGrid ranges.
PipelineReview.ObjectInspector.Highlight	선택 객체 강조	Selected object highlight
SimplePreprocess.HistogramType	히스토그램 타입	Histogram type
SimplePreprocess.ClipLimit	Clip 제한	Clip limit
SimplePreprocess.TileGrid	타일 그리드	Tile grid
SimplePreprocess.NormalizeAlpha	정규화 Alpha	Normalize alpha
SimplePreprocess.NormalizeBeta	정규화 Beta	Normalize beta
SimplePreprocess.HueRange	Hue	Hue
SimplePreprocess.HueMin	Hue 최소	Hue min
SimplePreprocess.HueMax	Hue 최대	Hue max
SimplePreprocess.SaturationRange	채도	Saturation
SimplePreprocess.SaturationMin	채도 최소	Saturation min
SimplePreprocess.SaturationMax	채도 최대	Saturation max
SimplePreprocess.ValueRange	명도	Value
SimplePreprocess.ValueMin	명도 최소	Value min
SimplePreprocess.ValueMax	명도 최대	Value max
SimplePreprocess.MeanType	평균 타입	Mean type
SimplePreprocess.MeanMin	최소 평균	Min mean
SimplePreprocess.MeanMax	최대 평균	Max mean
VisionTool.SimplePreprocess.MeanPassReasonFormat	평균 {0:0.0}이 설정 범위 {1} 안에 있습니다.	Mean {0:0.0} is inside the configured range {1}.
VisionTool.SimplePreprocess.MeanFailReasonFormat	평균 결과가 없거나 설정 범위 {0}을 통과하지 못했습니다. 원인 후보: ROI, 밝기 변화, 범위 기준.	Mean result is missing or outside the configured range {0}. Cause candidates: ROI, brightness drift, or range limits.
VisionTool.SimplePreprocess.MeanPassNext	Good/Bad 샘플에서 값을 비교한 뒤 파이프라인에 추가하세요	Compare the value on Good/Bad samples, then add to pipeline
VisionTool.SimplePreprocess.MeanFailNext	ROI 또는 평균 범위를 조정한 뒤 미리보기를 다시 실행하세요	Adjust ROI or mean range, then run preview again
VisionTool.SimplePreprocess.HsvReasonFormat	현재 HSV 범위가 전체 픽셀의 {0:0.0}%를 선택했습니다.	The current HSV range selected {0:0.0}% of pixels.
VisionTool.SimplePreprocess.HsvNext	배경까지 많이 남으면 H/S/V 범위를 좁히고 Good/Bad 샘플에서 마스크를 비교하세요	If background remains, narrow H/S/V ranges and compare the mask on Good/Bad samples
VisionTool.SimplePreprocess.HistogramReasonFormat	{0} 변환 후 평균/대비가 {1:0.0}/{2:0.0}에서 {3:0.0}/{4:0.0}로 바뀌었습니다.	{0} changed mean/contrast from {1:0.0}/{2:0.0} to {3:0.0}/{4:0.0}.
VisionTool.SimplePreprocess.HistogramNext	다음 툴에 연결하기 전에 Good/Bad 샘플에서 출력 밝기와 노이즈를 비교하세요	Compare output brightness and noise on Good/Bad samples before connecting the next tool
Menu.Tools	도구	Tools
Menu.Tools.ToolTip	이미지 비교, 로그 보기 등 보조 도구를 엽니다.	Open utility tools such as Image Compare and Log Viewer.
Menu.ImageCompare	이미지 비교	Image Compare
Menu.ImageCompare.ToolTip	여러 이미지를 같은 좌표와 배율로 비교합니다.	Compare multiple images at the same coordinate and zoom.
Menu.LogViewer	로그 보기	Log Viewer
Menu.LogViewer.ToolTip	실행 로그를 자세히 확인합니다.	Open detailed run logs.
Menu.Settings	언어 / 번역 편집	Language / Translations
Menu.Settings.ToolTip	언어를 전환하고 번역 문구를 편집합니다.	Change language and edit translation text.
Menu.Language.ToolTip	화면 언어를 한국어 또는 영어로 전환합니다.	Switch the UI language between Korean and English.
Menu.UserOptions.ToolTip	도구와 언어/번역 편집 메뉴를 엽니다.	Open tools and language/translation options.
Menu.ImageProcessing	이미지 처리	Image Processing
Menu.Algorithm	알고리즘	Algorithm
Menu.View	보기	View
Menu.Guide	가이드	Guide
Menu.Guide.ToolTip	OpenVisionLab 튜토리얼을 엽니다.	Open the OpenVisionLab tutorial.
Menu.Learn	Learn	Learn
Menu.Learn.ToolTip	OpenVisionLab Learn을 엽니다.	Open OpenVisionLab Learn.
Shell.TutorialNotFoundMessage	튜토리얼 파일을 찾을 수 없습니다.\n{0}	Tutorial file was not found.\n{0}
Shell.TutorialOpenFailedMessage	튜토리얼을 열 수 없습니다.\n{0}	Could not open the tutorial.\n{0}
Menu.View.ShowLogDockTitle	Log 패널 제목 표시	Show Log panel title
Menu.View.SaveWorkspaceLayout	레이아웃 저장	Save layout
Menu.View.LoadWorkspaceLayout	레이아웃 불러오기	Load layout
Menu.View.DiagnoseWorkspaceLayout	레이아웃 상태 확인	Check layout state
Menu.VisionTool.ToolTip	{0} Tool을 엽니다.	Open the {0} tool.
Main.Layer	레이어	Layer
Main.LayerInput	레이어 입력	Layer Input
Main.LayerInputCompact	입력	Input
Main.ActiveLayer	활성 레이어	Active Layer
Main.InputSource	입력 기준	Input Source
Main.Flow	실행 흐름	Flow
Main.State	작업 상태	State
Main.Elapsed	소요 시간	Elapsed
Main.RunStep	선택	Step
Main.RunAll	전체	All
Main.Stop	중지	Stop
Main.StopRequest	요청	Request
Main.Fit	맞춤	Fit
Main.Tooltip.RunStep	선택한 검사 Step만 실행합니다.	Run only the selected inspection step.
Main.Tooltip.RunAll	현재 Pipeline 전체를 실행합니다.	Run the full current pipeline.
Main.Tooltip.Stop	실행 중인 Pipeline 중지를 요청합니다.	Request the running pipeline to stop.
Main.Tooltip.Fit	현재 레이어를 뷰어에 맞춥니다.	Fit the current layer to the viewer.
Main.LayoutSaved	레이아웃 저장 완료	Layout saved
Main.LayoutSaveFailed	레이아웃 저장 실패	Layout save failed
Main.LayoutLoaded	레이아웃 불러옴	Layout loaded
Main.DefaultLayoutApplied	기본 레이아웃 적용	Default layout applied
Main.LogDockTitleShown	Log 도킹 제목 표시	Log dock title shown
Main.LogDockTitleHidden	Log 도킹 제목 숨김	Log dock title hidden
Main.GuideOpened	가이드 열기	Guide opened
VisionMenu.Morphology	모폴로지	Morphology
VisionMenu.Filter	필터	Filter
VisionMenu.Threshold	스레시홀드	Threshold
VisionMenu.Arithmetic	산술 연산	Arithmetic
VisionMenu.EdgeDetection	엣지 검출	Edge Detection
VisionMenu.RotateAndScale	회전 / 스케일	Rotate / Scale
VisionMenu.AffineTransform	어파인 변환	Affine Transform
VisionMenu.Histogram	히스토그램	Histogram
VisionMenu.HSV	HSV	HSV
VisionMenu.Blob	블랍	Blob
VisionMenu.Contour	컨투어	Contour
VisionMenu.Matching	매칭	Matching
VisionMenu.EdgeBasedMatching	엣지 기반 매칭	Edge Based Matching
VisionMenu.FeatureMatching	특징 매칭	Feature Matching
VisionMenu.Line	라인	Line
VisionMenu.Mean	평균	Mean
VisionMenu.Pipeline	파이프라인	Pipeline
Main.Idle	대기 중	Idle
AiRecipe.Title	AI Recipe 가져오기	AI Recipe Import
AiRecipe.Paste	붙여넣기	Paste
AiRecipe.OpenXml	XML 열기	Open XML
AiRecipe.Sample	샘플	Sample
AiRecipe.Catalog	카탈로그	Catalog
AiRecipe.CheckPair	Pair 검사	Check Pair
AiRecipe.BuildPrompt	프롬프트 생성	Build Prompt
AiRecipe.Validate	검증	Validate
AiRecipe.LoadImage	이미지 로드	Load Image
AiRecipe.CurrentLayers	현재 레이어	Current Layers
AiRecipe.RunPreview	미리보기 실행	Run Preview
AiRecipe.Overview	Recipe 요약	Recipe Overview
AiRecipe.Flow	Step 흐름	Step Flow
AiRecipe.Feedback	AI 피드백	AI Feedback
AiRecipe.Patch	XML 수정 요청	XML Patch Request
AiRecipe.AdvancedXml	고급 XML	Advanced XML
AiRecipe.Validation	검증 결과	Validation
AiRecipe.SafeFix	자동 수정 - 사용할 항목 체크, 값 수정 후 적용	Safe Fix - check Use, edit Value, then apply
AiRecipe.SafeFixSummary	자동 수정 - {0}개 / 선택 {1}개 / 확인 필요 {2}개	Safe Fix - {0} item(s) / selected {1} / review {2}
AiRecipe.SafeFixDetail.Empty	수정 항목을 선택하면 Step, Parameter, 적용 값, 검토 조건을 표시합니다.	Select a fix to review the Step, parameter, value, and review policy.
AiRecipe.SafeFixDetail.Format	대상 {0} | Parameter {1} | 값 {2} -> {3} | {4} | {5}	Target {0} | Parameter {1} | Value {2} -> {3} | {4} | {5}
AiRecipe.SafeFixDetail.BeforeAfterFormat	대상 {0} | Parameter {1} | 값 {2} -> {3} | {4} | {5}	Target {0} | Parameter {1} | Value {2} -> {3} | {4} | {5}
AiRecipe.SafeFixDetail.Selected	적용 선택	Selected
AiRecipe.SafeFixDetail.Ignored	적용 제외	Not selected
AiRecipe.LayerFlow	레이어 흐름 수정	Layer Flow Edit
AiRecipe.Input	입력	Input
AiRecipe.Output	출력	Output
AiRecipe.UsePreviousOutput	이전 출력 사용	Use Previous Output
AiRecipe.KeepBranch	분기 유지	Keep Branch
AiRecipe.ApplyRun	적용 + 실행	Apply + Run
AiRecipe.Preview	미리보기	Preview
AiRecipe.RunResult	실행 결과	Run Result
AiRecipe.Log	로그	Log
AiRecipe.ApplyPipeline	Pipeline에 적용	Apply to Pipeline
AiRecipe.ApplyFix	수정 적용	Apply Fix
AiRecipe.ApplyPreview	적용 + 미리보기	Apply + Preview
AiRecipe.RevertFix	수정 되돌리기	Revert Fix
AiRecipe.CopyFeedback	AI 피드백 복사	Copy AI Feedback
AiRecipe.CopyPatch	수정 요청 복사	Copy Patch Request
AiRecipe.Close	닫기	Close
AiRecipe.Type	구분	Type
AiRecipe.Message	메시지	Message
AiRecipe.Use	사용	Use
AiRecipe.Target	대상	Target
AiRecipe.Change	변경	Change
AiRecipe.Value	제안값 / 수정	Proposed / Edit
AiRecipe.No	No	No
AiRecipe.Step	Step	Step
AiRecipe.Status	상태	Status
AiRecipe.Elapsed	시간	Elapsed
AiRecipe.Metrics	Metrics	Metrics
AiRecipe.InitialLog	LLM이 생성한 VisionPipeline XML을 붙여넣은 뒤 검증하십시오.	Paste an LLM-generated VisionPipeline XML, then Validate.
AiRecipe.OperatorGuide	작업자: 사용할 항목을 체크하고 Value를 필요 시 수정한 뒤 Fix 적용 또는 적용 + 미리보기를 누르십시오.	Operator: check Use, edit Value if needed, then Apply Fix or Apply + Preview.
AiRecipe.EditableGuide	수정 가능한 Value 행은 입력한 값을 사용하며, 체크 해제된 행은 무시됩니다.	Editable Value rows use the typed value; unchecked rows are ignored.
Pipeline.Title	Pipeline	Pipeline
Pipeline.Name	Pipeline	Pipeline
Pipeline.NewStepTool	새 Step 도구	New Step Tool
Pipeline.InputLayer	입력 레이어	Input Layer
Pipeline.OutputLayer	출력 레이어	Output Layer
Pipeline.AddStep	Step 추가	Add Step
Pipeline.AiRecipe	AI Recipe	AI Recipe
Pipeline.Flow	Pipeline 흐름	Pipeline Flow
Pipeline.StepFlow	Step 흐름	Step Flow
Pipeline.Properties	속성	Properties
Pipeline.InputSource	입력 이미지	INPUT SOURCE
Pipeline.OutputResult	출력 결과	OUTPUT RESULT
Pipeline.LinkPrev	이전 출력 연결	Link Prev
Pipeline.Source	원본	Source
Pipeline.Linked	연결됨	Linked
Pipeline.SelectStepFlow	Step을 선택하면 이미지 흐름을 수정할 수 있습니다.	Select a step to edit image flow.
Pipeline.Acceptance	추천 판정 조건	RECOMMENDED ACCEPTANCE
Pipeline.NoAcceptance	판정 조건 없음	No acceptance
Pipeline.Apply	적용	Apply
Pipeline.Clear	해제	Clear
Pipeline.Preview	미리보기	Preview
Pipeline.RunResult	결과	Result
Pipeline.ResultDetails	결과 상세	Result Details
Pipeline.RunLog	실행 로그	Run Log
Shell.LogPanel.Open	로그 열기	Open Log
Shell.LogPanel.Close	로그 닫기	Close Log
Pipeline.Remove	삭제	Remove
Pipeline.Up	위로	Up
Pipeline.Down	아래로	Down
Pipeline.History	이력	History
Pipeline.Samples	샘플	Samples
Pipeline.Batch	일괄	Batch
Pipeline.Import	가져오기	Import
Pipeline.Check	검증	Check
Pipeline.Load	열기	Load
Pipeline.SaveProject	프로젝트 저장	Save Project
Pipeline.RunPreview	미리보기 실행	Run Preview
Pipeline.PublishResult	결과 반영	Publish Result
Pipeline.More	더보기	More
Pipeline.Cancel	닫기	Cancel
Pipeline.PublishAll	전체 반영	Publish all
Pipeline.Menu.AddStepAfter	선택 Step 뒤에 추가	Add Step After...
Pipeline.Menu.InsertStepBefore	선택 Step 앞에 삽입	Insert Step Before...
Pipeline.Menu.AcceptancePreset	판정 조건 Preset	Acceptance Preset
Pipeline.Menu.ClearAcceptance	판정 조건 해제	Clear Acceptance
Pipeline.Menu.UsePreviousOutput	이전 출력으로 입력 연결	Use Previous Output as Input
Pipeline.Menu.UsePreviousOutputWithLayer	이전 출력으로 입력 연결 ({0})	Use Previous Output as Input ({0})
Pipeline.Menu.CopyStep	Step 복사	Copy Step
Pipeline.Menu.PasteStepAfter	복사한 Step 뒤에 붙여넣기	Paste Step After
Pipeline.Menu.DuplicateStep	Step 복제	Duplicate Step
Pipeline.Menu.DisableStep	Step 비활성	Disable Step
Pipeline.Menu.EnableStep	Step 활성	Enable Step
Pipeline.Menu.RemoveStep	Step 삭제	Remove Step
Pipeline.Menu.RunHistory	실행 이력	Run History
Pipeline.Menu.SampleImages	샘플 이미지	Sample Images
Pipeline.Menu.BatchTest	일괄 테스트	Batch Test
Pipeline.Menu.AiRecipe	AI Recipe...	AI Recipe...
Pipeline.Menu.OpenTutorial	튜토리얼 열기...	Open Tutorial...
Pipeline.Menu.ImportXml	XML 가져오기...	Import XML...
Pipeline.Menu.LoadSaved	저장된 Pipeline 열기...	Load Saved...
Pipeline.Menu.RecommendedFor	{0} 추천값	Recommended for {0}
Pipeline.Menu.NoPreset	이 Tool에 추천 Preset이 없습니다.	No preset for this tool
Pipeline.Tooltip.ToolType	다음에 추가할 Tool을 선택합니다. 입력/출력은 Add Step에서 확정합니다.	Choose the tool for the next step. Input and output are confirmed in Add Step.
Pipeline.Tooltip.DefaultInput	Add Step을 열 때 기본 입력으로 사용할 레이어입니다.	Default input used when Add Step opens.
Pipeline.Tooltip.DefaultOutput	Add Step을 열 때 제안할 출력 레이어입니다.	Default output suggestion used when Add Step opens.
Pipeline.Tooltip.Flow	Step을 클릭하면 입력, 출력, 파라미터, 미리보기를 확인합니다.	Click a step to inspect its input, output, parameters, and preview.
Pipeline.Tooltip.StepIo	선택 Step의 이미지 흐름입니다. Tool 파라미터를 조정하기 전에 INPUT/OUTPUT을 확인하십시오.	Selected step image flow. Change INPUT or OUTPUT here before editing tool parameters.
Pipeline.Tooltip.StepInputLayer	선택 Step에서 사용할 이미지 레이어입니다.	Image layer used by the selected step.
Pipeline.Tooltip.StepOutputLayer	선택 Step이 생성할 이미지 레이어입니다.	Image layer created by the selected step.
Pipeline.Tooltip.ChainInput	이전 활성 Step의 출력을 현재 Step 입력으로 연결합니다.	Use the previous enabled step's output as this step's input.
Pipeline.Tooltip.StepIoStatus	선택 Step이 원본에서 시작하는지, 이전 출력을 따르는지, 다른 레이어에서 분기하는지 표시합니다.	Shows whether the selected step starts from a source image, follows the previous output, or branches from another layer.
Pipeline.Tooltip.AddStep	Tool, Step 이름, 입력, 출력을 확인하고 Step을 추가합니다.	Open Add Step to confirm tool, step name, input, and output.
Pipeline.Tooltip.AiRecipe	AI Recipe에서 Pipeline Step을 생성합니다.	Create pipeline steps from an AI recipe.
Pipeline.Tooltip.PreviewMode	Summary는 전체 검출을 보고, Input/Output/Overlay는 선택 Step 기준으로 확인합니다.	Choose Summary for the full detection view, or Input/Output/Overlay for the selected step.
Pipeline.Tooltip.OverlayLabel	Overlay 라벨 표시 방식을 선택합니다.	Choose how overlay labels are drawn.
Pipeline.Tooltip.PointLimit	LineGauge/Edge처럼 점이 많은 Overlay의 표시 개수를 제한합니다.	Limit dense point overlays so LineGauge and edge views stay readable.
Pipeline.Tooltip.OverlayRoi	선택 Step의 ROI를 표시합니다. 전체 이미지 ROI는 숨깁니다.	Show the ROI configured on the selected step. Full-image ROI is hidden.
Pipeline.Tooltip.PreviewLabel	현재 미리보기 모드입니다. Pipeline Flow의 Step, IN, OUT을 클릭해 바꿀 수 있습니다.	Current preview mode. Click Step, IN, or OUT in Pipeline Flow to change it.
Pipeline.Tooltip.OpenPreview	확대 가능한 미리보기를 엽니다. 휠로 확대하고 드래그로 이동합니다.	Open a zoomable preview. Mouse wheel zooms, drag pans.
Pipeline.Tooltip.PreviewBox	더블클릭하면 확대 가능한 미리보기로 엽니다.	Double-click to open the zoomable preview.
Pipeline.Tooltip.TemplateBox	더블클릭하면 Template 이미지를 확대해서 확인합니다.	Double-click to inspect the template in the zoomable viewer.
Pipeline.Tooltip.DetectedBox	더블클릭하면 검출 Crop을 확대해서 확인합니다.	Double-click to inspect the detected crop in the zoomable viewer.
Pipeline.Tooltip.RunPreview	Run Preview는 이 창 안에서만 실행하며 메인 작업영역을 업데이트하지 않습니다.	Run Preview executes inside this window. The main workspace is not updated.
Pipeline.Tooltip.PublishResult	Summary 또는 선택 Step 결과를 메인 작업영역으로 반영합니다.	Publish Summary or the selected step result to the main workspace.
Pipeline.Tooltip.SaveProject	Pipeline XML, 작업 이미지, Step 미리보기 이미지를 저장합니다.	Save pipeline XML, workspace images, and step preview images.
Pipeline.Tooltip.PublishAll	선택/최신 결과만이 아니라 캐시된 모든 Step 출력을 반영합니다.	Publish every cached step output instead of only the selected or latest result.
Pipeline.Tooltip.WorkflowHint	Run Preview는 Pipeline 내부 검증이고, Publish Result만 메인 작업영역을 업데이트합니다.	Run Preview is sandboxed inside Pipeline. Publish Result is the explicit step that updates the main workspace.
Pipeline.Tooltip.SampleContext	Sample Catalog에서 연 샘플 이미지와 Recipe를 표시합니다.	Shows the sample image and recipe currently opened from Sample Catalog.
Pipeline.WorkflowHint	Preview 내부 확인 | Publish가 메인 반영	Preview stays here | Publish updates main
Pipeline.Hint.CheckFailed	검증 실패. 선택된 Step을 수정한 뒤 미리보기를 다시 실행하십시오.	Check failed. Fix the selected step before Run Preview.
Pipeline.Hint.CheckPassedSandbox	검증 완료. 미리보기는 메인 작업영역을 변경하지 않습니다.	Check passed. Run Preview will not update the main workspace.
Pipeline.Hint.CheckPassedReview	검증 완료. 미리보기 전에 선택 항목을 확인하십시오.	Check passed. Review the selected item before Run Preview.
Pipeline.Hint.PreviewRunningSandbox	미리보기 실행 중. 메인 작업영역은 변경되지 않습니다.	Preview is running. Main workspace is unchanged.
Pipeline.Hint.PreviewCanceled	미리보기가 취소되었습니다. 메인 작업영역은 변경되지 않았습니다.	Preview canceled. Main workspace was not changed.
Pipeline.Hint.PreviewFailed	미리보기 실패. 선택된 Step 상세를 확인하십시오.	Preview failed. Check the selected step details.
Pipeline.Hint.PreviewReadySummaryPublish	미리보기 완료. 요약은 전체 검출을 표시하며 결과 반영 시 메인 작업영역에 기록됩니다.	Preview ready. Summary shows all detections; Publish Result writes it to the main workspace.
Pipeline.Hint.PublishBlockedRunning	미리보기 실행 중에는 결과를 반영할 수 없습니다.	Cannot publish while Preview is running.
Pipeline.Hint.PublishRunPreviewFirst	결과 반영 전에 미리보기를 먼저 실행하십시오.	Run Preview before Publish Result.
Pipeline.Hint.PublishRunPreviewBeforeSummary	요약 결과 반영 전에 미리보기를 먼저 실행하십시오.	Run Preview before publishing Summary.
Pipeline.Hint.PublishNothing	반영된 출력이 없습니다. 각 출력 레이어를 확인하십시오.	Nothing was published. Check each output layer.
Pipeline.Hint.PublishCompleteFormat	결과 반영 완료. 메인 작업영역의 출력 레이어 {0}개가 갱신되었습니다.	Publish complete. {0} output layer(s) updated in the main workspace.
Pipeline.Hint.PublishLayerCompleteFormat	결과 반영 완료. '{0}' 레이어가 메인 작업영역에 갱신되었습니다.	Publish complete. '{0}' was updated in the main workspace.
Pipeline.Hint.PublishNoCachedResult	반영할 캐시 결과가 없습니다.	No cached result to publish.
Pipeline.Hint.ChainSelectPrevious	첫 번째 이후 Step을 선택한 뒤 이전 출력을 연결하십시오.	Select a step after the first one, then choose a previous output to chain.
Pipeline.Hint.ChainSelectedPreviousFormat	선택 Step 입력이 이전 출력으로 연결되었습니다: {0}	Selected step now uses previous output: {0}
Pipeline.Hint.StepIoChanged	Step 입출력이 변경되었습니다. 미리보기를 다시 실행하십시오.	Step I/O changed. Run Preview again.
Pipeline.Hint.ViewTemplateMissing	Template 이미지가 없습니다.	Template image is not available.
Pipeline.Hint.ViewDetectedCropMissing	검출 Crop이 없습니다. 미리보기를 먼저 실행하십시오.	Detected crop is not available. Run Preview first.
Pipeline.Hint.ViewSummaryMissing	요약 미리보기 이미지가 없습니다. 미리보기를 먼저 실행하십시오.	Summary has no preview image. Run Preview first.
Pipeline.Hint.MetricsMissing	Metric이 없습니다. 미리보기를 먼저 실행하십시오.	No metrics are available. Run Preview first.
Pipeline.Message.CheckPassedSandbox	검증이 완료되었습니다.\r\n\r\n미리보기는 Pipeline 창 안에서만 실행됩니다. 결과 반영만 메인 작업영역을 업데이트합니다.	Check passed.\r\n\r\nRun Preview executes inside the Pipeline window. Publish Result updates the main workspace.
Pipeline.Message.CheckPassedWithWarnings	검증은 통과했지만 확인이 필요합니다.\r\n\r\n{0}\r\n\r\n미리보기는 이 창 안에 유지됩니다. 결과 반영만 메인 작업영역을 업데이트합니다.	Check passed, but review is recommended.\r\n\r\n{0}\r\n\r\nRun Preview stays in this window. Publish Result updates the main workspace.
Pipeline.Message.PublishRunPreviewFirst	먼저 미리보기를 실행한 뒤 결과 반영으로 메인 작업영역의 출력 레이어를 업데이트하십시오.	Run Preview first, then Publish Result to update the output layer in the main workspace.
Pipeline.Message.PublishRunPreviewBeforeSummary	먼저 미리보기를 실행한 뒤 요약 결과를 반영하십시오.	Run Preview first, then publish the Summary result.
Pipeline.Message.PublishNothing	반영할 수 있는 출력 레이어가 없습니다. 각 Step의 출력 레이어를 확인하십시오.	No output layer could be published. Check each step output layer.
Pipeline.SummaryBadgeFormat	요약 | Step {0} | Overlay {1}	SUMMARY | Steps {0} | Overlays {1}
Pipeline.SelectStep	Step 선택	Select a step
Pipeline.Summary	요약	Summary
Pipeline.AllDetections	전체 검출	All detections
Pipeline.NoStepSelected	선택된 Step 없음	No step selected
Pipeline.SelectStepPreview	결과를 보려면 Pipeline Step을 선택하십시오.	Select a pipeline step to view its result.
Pipeline.AllDetectionsPlaceholder	검출된 모든 Overlay가 하나의 이미지에 표시됩니다.	All detected overlays will be shown here on one image.
Pipeline.LinkedInputStatus	연결 입력: 이 Step은 이전 출력 '{0}'을 사용합니다.	Linked input: this step uses previous output '{0}'.
Pipeline.SourceInputStatus	원본 입력: 이 Step은 '{0}'에서 시작합니다.	Source input: this step starts from '{0}'.
Pipeline.Branch	분기	BRANCH
Pipeline.BranchFrom	분기: {0}	BRANCH from {0}
Pipeline.FlowDisabledStep	비활성 Step	Disabled step
Pipeline.FlowInputSource	입력: 원본 이미지 {0}	Input: source image {0}
Pipeline.FlowInputPrevious	입력: 이전 출력 {0}	Input: previous output {0}
Pipeline.FlowBranchMain	분기: Main을 읽고 있습니다. 의도하지 않았다면 이전 출력 {0}을 연결하십시오.	Branch: reads Main instead of {0}. Link Prev if this is not intentional.
Pipeline.FlowBranch	분기: {1} 대신 {0}을 읽고 있습니다.	Branch: reads {0} instead of {1}
Pipeline.InputSource.SourceLayer	원본 {0}에서 시작	Starts from source {0}
Pipeline.InputSource.PreviousOutput	이전 출력 {0} 사용	Uses previous output {0}
Pipeline.InputSource.BranchMain	Main 분기. 이전 출력은 {0}	Main branch. Previous output is {0}
Pipeline.InputSource.BranchLayer	{0} 분기. 이전 출력은 {1}	Branch from {0}. Previous output is {1}
Pipeline.OutputResult.MissingLayer	출력 레이어가 지정되지 않았습니다.	Output layer is not set.
Pipeline.OutputResult.CreatesLayer	{0} 생성/갱신 | {1}	Creates/updates {0} | {1}
Pipeline.StepInputSource.SourceLayer	원본 {0} 시작	Source {0}
Pipeline.StepInputSource.PreviousOutput	이전 출력 {0} 사용	Prev output {0}
Pipeline.StepInputSource.BranchMain	Main 분기 | 이전 출력 {0}	Main branch | Prev output {0}
Pipeline.StepInputSource.BranchLayer	{0} 분기 | 이전 출력 {1}	Branch {0} | Prev output {1}
Pipeline.StepOutputResult.MissingLayer	출력 레이어 미설정	Output layer missing
Pipeline.StepOutputResult.CreatesLayer	{0} 생성/갱신 | {1}	{0} created/updated | {1}
PipelineFlow.NoSteps	Pipeline Step 없음	No pipeline steps
PipelineFlow.Input	입력	INPUT
PipelineFlow.Output	출력	OUTPUT
PipelineFlow.BranchInput	분기 입력	BRANCH IN
PipelineFlow.SourceImage	원본 이미지	SOURCE IMG
PipelineFlow.PreviousOutput	이전 출력	PREV OUT
PipelineFlow.Branch	분기	BRANCH
PipelineFlow.RunPreviewRequired	미리보기 필요	Run Preview required
PipelineFlow.ViewInputImage	입력 이미지 보기	View input image
PipelineFlow.ViewOutputImage	출력 이미지 보기	View output image
PipelineFlow.LayerTooltip	{0}: {1} - 클릭하면 이 이미지를 확인합니다.	{0}: {1} - click to inspect this image
PipelineFlow.BranchInputTooltip	분기 입력입니다. 이 Step은 이전 출력 {1} 대신 {0}을 읽습니다.	Branch input. This step reads {0} instead of previous output {1}.
PipelineFlow.OverlayTooltip	클릭하면 Overlay 미리보기를 확인합니다.	Click to inspect overlay preview
PipelineFlow.BranchStepTooltip	분기 Step입니다. 이 Step은 이전 출력 '{1}' 대신 '{0}'을 읽습니다. 의도하지 않았다면 이전 출력 연결을 사용하십시오.	Branch step. This step reads '{0}' instead of previous output '{1}'. Use Link Prev if this was not intentional.
Threshold.Title	Threshold	Threshold
Threshold.Mode	모드	Mode
Threshold.ModeBasic	일반	Basic
Threshold.ModeRange	범위	Range
Threshold.ModeAdaptive	Adaptive	Adaptive
Threshold.Binary	Binary	Binary
Threshold.BinaryInv	Inv	Inv
Threshold.MeanC	MeanC	MeanC
Threshold.GaussianC	GaussianC	GaussianC
Threshold.InputSource	입력 레이어	Input Source
Threshold.OutputResult	출력 레이어	Output Result
Threshold.ResultType	결과 타입	Result type
Threshold.Method	계산 방식	Method
Threshold.MaxValue	최대값	Max value
Threshold.BlockSize	Block size	Block size
Threshold.Weight	Weight	Weight
Threshold.BasicTitle	일반 Threshold	Basic Threshold
Threshold.BasicHint	단일 기준값	Single cutoff
Threshold.RangeTitle	범위 Threshold	Range Threshold
Threshold.RangeHint	Min-Max 범위	Keep Min-Max
Threshold.AdaptiveTitle	Adaptive Threshold	Adaptive Threshold
Threshold.AdaptiveHint	로컬 밝기	Local brightness
Threshold.RangeMin	하한값	Min
Threshold.RangeMax	상한값	Max
Threshold.Invert	반전	Invert
Threshold.OutputPreview	{0} (Preview)	{0} (Preview)
Threshold.PreviewTitle	미리보기 - {0}	Preview - {0}
Threshold.FlowSame	Input/Output {0}	Input/Output {0}
Threshold.Flow	Input {0} -> Output {1}	Input {0} -> Output {1}
Threshold.AddStep	+ {0} Step 추가	+ Add {0} Step
Threshold.BasicPurpose	하나의 기준값으로 전경과 배경을 분리합니다.	uses one cutoff, useful for clear foreground/background contrast.
Threshold.RangePurpose	Min-Max 밝기 범위 안의 픽셀만 유지합니다.	keeps only pixels inside the Min-Max brightness band.
Threshold.AdaptivePurpose	영역별 밝기를 기준으로 계산하며 조명 편차가 있을 때 사용합니다.	uses local brightness, useful for uneven lighting.
Threshold.Tooltip.InputLayer	Threshold 미리보기에 사용할 입력 레이어입니다.	Input layer used for Threshold preview.
Threshold.Tooltip.OutputLayer	미리보기 결과는 Threshold 레이어에 기록됩니다.	Preview result is written to the Threshold layer.
Threshold.Tooltip.BasicResultType	일반 Threshold의 결과 타입입니다.	Result type for Basic Threshold.
Threshold.Tooltip.BasicValue	일반 Threshold의 기준값입니다.	Threshold value for Basic Threshold.
Threshold.Tooltip.Range	범위 Threshold의 Min, Max, Invert 설정입니다.	Min, max, and invert option for Range Threshold.
Threshold.Tooltip.AdaptiveResultType	Adaptive Threshold의 결과 타입입니다.	Result type for Adaptive Threshold.
Threshold.Tooltip.AdaptiveMethod	Adaptive 계산 방식입니다.	Adaptive calculation method.
Threshold.Tooltip.AdaptiveMax	Adaptive Threshold의 최대 출력값입니다.	Maximum output value for Adaptive Threshold.
Threshold.Tooltip.BlockSize	Adaptive block size입니다. 홀수 값을 사용합니다.	Adaptive block size. Use an odd value.
Threshold.Tooltip.Weight	지역 평균 또는 Gaussian 값에서 빼는 보정값입니다.	Adaptive correction value subtracted from the local mean or Gaussian value.
MessageBox.Message	메시지	Message
MessageBox.TechnicalDetails	상세 정보	Technical Details
MessageBox.HideDetails	상세 숨기기	Hide Details
MessageBox.CopyDetails	상세 복사	Copy Details
MessageBox.Copied	복사됨	Copied
MessageBox.OK	확인	OK
MessageBox.Cancel	취소	Cancel
MessageBox.Yes	예	Yes
MessageBox.No	아니오	No
MessageBox.Retry	다시 시도	Retry
MessageBox.Abort	중단	Abort
MessageBox.Ignore	무시	Ignore
Log.SummaryMode	요약	Summary
Log.DetailMode	상세	Details
Log.HeaderSummary	실행 로그 - 요약	Run Log - Summary
Log.HeaderDetail	실행 로그 - 상세	Run Log - Details
Log.Clear	지우기	Clear
Log.Folder	폴더	Folder
Log.AutoScroll	자동 스크롤	Auto Scroll
Log.AllLogs	전체 로그	All Logs
Log.Level	레벨	Level
Log.Area	영역	Area
Log.Empty	표시할 실행 로그가 없습니다.	No execution logs to display.
Log.NoRecentEvent	최근 이벤트 없음	No recent event
Log.FiltersOff	필터 없음	Filters off
Log.FilteredView	필터 보기	Filtered view
Log.NoFilter	필터 없음	No filter
Log.CountFormat	{0}건	{0}
Log.FilteredCountFormat	{0}/{1}건	{0}/{1}
Log.AreaFormat	영역: {0}	Area: {0}
Log.LevelFormat	레벨: {0}	Level: {0}
Log.SearchFormat	검색: {0}	Search: {0}
Log.Tooltip.Mode	요약/상세 모드를 전환합니다.	Switch summary and detail mode.
Log.Tooltip.Clear	현재 로그 목록을 지웁니다.	Clear the current log list.
Log.Tooltip.Folder	로그 폴더를 엽니다.	Open the log folder.
Log.Tooltip.AutoScroll	새 로그가 들어오면 마지막 줄로 이동합니다.	Move to the latest log line automatically.
Log.Tooltip.Search	로그 메시지, 영역, 레벨, 소스를 검색합니다.	Search log message, area, level, or source.
Log.Tooltip.AllLogs	모든 로그를 표시합니다. 켜져 있으면 레벨/영역 필터가 비활성화됩니다.	Show every log line. Level and Area filters are disabled while this is on.
Log.Tooltip.FilterCombo	전체 로그를 끄면 레벨 또는 영역을 선택할 수 있습니다.	Turn off All Logs to choose Level or Area.
Localization.Title	다국어 편집기	Localization Editor
Localization.Language	현재 언어	Current Language
Localization.Search	검색	Search
PropertyGrid.Search.NoResults	'{0}'에 해당하는 파라미터가 없습니다. Esc 키로 검색을 지울 수 있습니다.	No properties match '{0}'. Press Esc to clear the search.
PropertyGrid.Search.ToolTip	파라미터 이름으로 필터링합니다. Esc 키로 검색을 지울 수 있습니다.	Filter properties by name. Press Esc to clear the search.
Localization.Key	키	Key
Localization.Korean	한국어	Korean
Localization.English	English	English
Localization.Save	저장	Save
Localization.Reload	다시 읽기	Reload
Localization.Close	닫기	Close
Localization.Saved	다국어 catalog를 저장했습니다.	Localization catalog saved.
Localization.Reloaded	다국어 catalog를 다시 읽었습니다.	Localization catalog reloaded.
Localization.FilterHint	키 또는 문구 검색	Search key or text
Localization.MissingOnly	미번역만 보기	Missing only
Localization.Summary	표시 {0} / 전체 {1} / 미번역 {2}	Visible {0} / Total {1} / Missing {2}
PropertyGrid.Category.Parameter	기본	Parameter
PropertyGrid.Category.Threshold	이진화	Threshold
PropertyGrid.Category.Range	범위	Range
PropertyGrid.Category.Adaptive_Threshold	적응형 이진화	Adaptive Threshold
PropertyGrid.Category.ROI	ROI	ROI
PropertyGrid.Category.Image_Process	이미지 처리	Image Process
PropertyGrid.Category.Blob_Parameter	블랍	Blob
PropertyGrid.Category.Contour	컨투어	Contour
PropertyGrid.Category.Matching	매칭	Matching
PropertyGrid.Category.Edge	엣지	Edge
PropertyGrid.Category.Canny	Canny	Canny
PropertyGrid.Category.Sobel	Sobel	Sobel
PropertyGrid.Category.Scharr	Scharr	Scharr
PropertyGrid.Category.Laplacian	Laplacian	Laplacian
PropertyGrid.Category.Vertical_Line	수직선	Vertical Line
PropertyGrid.Category.Scan_Line	스캔 라인	Scan Line
PropertyGrid.Category.Fit_Line	피팅 라인	Fit Line
PropertyGrid.Category.Filter	필터	Filter
PropertyGrid.Category.Compatibility	호환 / 레거시 (읽기 전용)	Compatibility / legacy (read-only)
PropertyGrid.Category.Kernel	커널	Kernel
PropertyGrid.Category.Bilateral	Bilateral	Bilateral
PropertyGrid.Category.Draw	표시	Draw
PropertyGrid.Category.Mean	평균	Mean
PropertyGrid.Category.Normalize	정규화	Normalize
PropertyGrid.Category.Step	Step	Step
PropertyGrid.Category.Acceptance	판정	Acceptance
PropertyGrid.Category.Morphology	모폴로지	Morphology
PropertyGrid.Category.Transform	변환	Transform
PropertyGrid.Category.Fixture	기준 좌표	Fixture
PropertyGrid.Property.NAME.DisplayName	이름	Name
PropertyGrid.Property.PIXELPERMM.DisplayName	Pixel / mm	Pixel / mm
PropertyGrid.Property.Enabled.DisplayName	사용	Enabled
PropertyGrid.Property.InputLayer.DisplayName	입력 레이어	Input Layer
PropertyGrid.Property.InputLayer.Description	이 Step에서 사용할 입력 이미지 레이어입니다. 연결된 Step은 보통 이전 Step의 출력 레이어를 입력으로 사용합니다.	Layer image used as this step input. Linked steps normally use the previous step output.
PropertyGrid.Property.OutputLayer.DisplayName	출력 레이어	Output Layer
PropertyGrid.Property.OutputLayer.Description	이 Step 결과를 저장할 레이어 이름입니다. 결과를 나중에 확인해야 하면 고유한 이름을 사용합니다.	Layer name that stores this step result. Use a unique name when the result must be reviewed later.
PropertyGrid.Property.UseAcceptance.DisplayName	판정 사용	Use Acceptance
PropertyGrid.Property.ExpectedSuccess.DisplayName	기대 결과	Expected Success
PropertyGrid.Property.MaxElapsedMilliseconds.DisplayName	최대 시간(ms)	Max Elapsed (ms)
PropertyGrid.Property.RequiredMessageText.DisplayName	필수 메시지	Required Message
PropertyGrid.Property.AcceptanceMetricName.DisplayName	판정 지표	Acceptance Metric
PropertyGrid.Property.AcceptanceMetricMinimum.DisplayName	지표 범위	Metric range
PropertyGrid.Property.USE_AS_FIXTURE_FRAME.DisplayName	기준 좌표로 사용	Publish fixture frame
PropertyGrid.Property.USE_AS_FIXTURE_FRAME.Description	단일 매칭 결과를 후속 Step이 사용할 위치·각도·균일 배율 기준으로 등록합니다. 매칭 개수는 1이어야 합니다.	Publish this single Matching result as a center, angle, and uniform-scale fixture frame. NUM_MATCH must be 1.
PropertyGrid.Property.USE_FIXTURE_FRAME.DisplayName	기준 좌표 보정 사용	Use fixture frame
PropertyGrid.Property.USE_FIXTURE_FRAME.Description	앞선 Matching Step의 기준을 사용합니다. 기본 모드는 단일 ROI의 X/Y 이동이며, RotateScale의 NormalizeImage 모드는 기준 좌표 영상으로 보정합니다. Preview와 Run은 명시적으로 실행해야 합니다.	Use a previously published Matching fixture. The default mode translates one ROI in X/Y; RotateScale NormalizeImage maps the image into reference coordinates. Preview and Run remain explicit.
PropertyGrid.Property.FIXTURE_FRAME_NAME.DisplayName	기준 좌표 이름	Fixture frame name
PropertyGrid.Property.FIXTURE_FRAME_NAME.Description	기준을 등록하는 Matching Step과 사용하는 검사 Step에서 같은 이름을 지정합니다.	Use the same name on the Matching producer and each fixture consumer.
PropertyGrid.Property.FIXTURE_REFERENCE_X.DisplayName	기준 중심 X	Reference center X
PropertyGrid.Property.FIXTURE_REFERENCE_X.Description	기준 이미지에서 매칭된 중심의 X 픽셀 좌표입니다.	Matching center X in the taught reference image, in pixels.
PropertyGrid.Property.FIXTURE_REFERENCE_Y.DisplayName	기준 중심 Y	Reference center Y
PropertyGrid.Property.FIXTURE_REFERENCE_Y.Description	기준 이미지에서 매칭된 중심의 Y 픽셀 좌표입니다.	Matching center Y in the taught reference image, in pixels.
PropertyGrid.Property.FIXTURE_REFERENCE_ANGLE.DisplayName	기준 각도	Reference angle
PropertyGrid.Property.FIXTURE_REFERENCE_ANGLE.Description	기준 이미지에서 측정된 매칭 각도입니다.	Matching angle in the taught reference image, in degrees.
PropertyGrid.Property.FIXTURE_REFERENCE_SCALE.DisplayName	기준 배율	Reference scale
PropertyGrid.Property.FIXTURE_REFERENCE_SCALE.Description	기준 이미지에서 측정된 매칭 배율입니다. 원본 템플릿 크기는 1.0입니다.	Matching scale in the taught reference image. Use 1.0 for the original template size.
PropertyGrid.Property.FIXTURE_MAX_ANGLE_DELTA.DisplayName	허용 각도 변화	Maximum angle delta
PropertyGrid.Property.FIXTURE_MAX_ANGLE_DELTA.Description	현재 각도 변화가 이 값을 넘으면 ROI를 이동하지 않고 실패 처리합니다.	Fail instead of translating the ROI when the angle change exceeds this degree limit.
PropertyGrid.Property.ALLOW_BRANCH_INPUT.DisplayName	원본 레이어 분기 허용	Allow branch input
PropertyGrid.Property.ALLOW_BRANCH_INPUT.Description	Matching Step과 같은 원본 레이어를 의도적으로 다시 읽는 분기임을 명시합니다.	Explicitly allow this step to read the same source layer as the Matching fixture producer.
PropertyGrid.Property.USE_THRESHOLD.DisplayName	이진화 사용	Use threshold
PropertyGrid.Property.USE_BITWISENOT.DisplayName	결과 반전	Invert result
PropertyGrid.Property.THRESHOLD_TYPES.DisplayName	이진화 타입	Threshold type
PropertyGrid.Property.THRESHOLD.DisplayName	기준값	Threshold
PropertyGrid.Property.USE_ADAPTIVE_THRESHOLD.DisplayName	적응형 이진화 사용	Use adaptive threshold
PropertyGrid.Property.ADAPTIVE_THRESHOLD.DisplayName	적응형 기준값	Adaptive threshold
PropertyGrid.Property.ADAPTIVE_THRESHOLD_TYPES.DisplayName	적응형 결과 타입	Adaptive type
PropertyGrid.Property.ADAPTIVE_THRESHOLD_ALGORITHM.DisplayName	적응형 계산 방식	Adaptive algorithm
PropertyGrid.Property.BlockSize.DisplayName	블록 크기	Block size
PropertyGrid.Property.Weight.DisplayName	가중치	Weight
PropertyGrid.Property.USE_ROI.DisplayName	ROI 사용	Use ROI
PropertyGrid.Property.USE_MULTI_ROI.DisplayName	다중 ROI 사용	Use multi ROI
PropertyGrid.Property.CvROI.DisplayName	ROI	ROI
PropertyGrid.Property.CvROIS.DisplayName	ROI 목록	ROI list
PropertyGrid.Property.CvMASKS.DisplayName	마스킹	Masking
PropertyGrid.Property.Mode.DisplayName	모드	Mode
PropertyGrid.Property.Mode.Description	Threshold는 하나의 기준값, Range는 하한/상한 범위, Adaptive는 주변 픽셀을 기준으로 지역 이진화를 수행합니다.	Threshold uses one gray value, Range uses lower and upper gray limits, Adaptive calculates a local threshold.
PropertyGrid.Property.Threshold.Description	선택한 이진화 타입에 따라 픽셀을 분류할 단일 GV 기준값입니다.	Single threshold value. Pixels are classified by this gray level and the selected threshold type.
PropertyGrid.Property.MaxValue.DisplayName	최대값	Max value
PropertyGrid.Property.ThresholdType.DisplayName	이진화 타입	Threshold type
PropertyGrid.Property.RangeMin.DisplayName	최소값	Min value
PropertyGrid.Property.RangeMin.Description	하한/상한을 함께 조정하는 범위 이진화 기준입니다.	Combined range threshold lower limit.
PropertyGrid.Property.RangeMax.DisplayName	최대값	Max value
PropertyGrid.Property.Invert.DisplayName	반전	Invert
PropertyGrid.Property.AdaptiveType.DisplayName	계산 방식	Method
PropertyGrid.Property.AdaptiveType.Description	적응형 이진화 계산 알고리즘입니다. 조명 편차가 있으면 MeanC와 GaussianC를 비교합니다.	Adaptive threshold algorithm. Compare MeanC and GaussianC when illumination is uneven.
PropertyGrid.Property.AdaptiveThresholdType.DisplayName	결과 타입	Result type
PropertyGrid.Property.Shape.DisplayName	커널 형태	Shape
PropertyGrid.Property.Operator.DisplayName	연산	Operator
PropertyGrid.Property.KernelWidth.DisplayName	커널 너비	Kernel width
PropertyGrid.Property.KernelHeight.DisplayName	커널 높이	Kernel height
PropertyGrid.Property.Iterations.DisplayName	반복 횟수	Iterations
PropertyGrid.Property.FilterType.DisplayName	필터 타입	Filter type
PropertyGrid.Property.BorderType.DisplayName	외곽 처리	Border type
PropertyGrid.Property.MedianKernelSize.DisplayName	Median 커널	Median kernel size
PropertyGrid.Property.Diameter.DisplayName	직경	Diameter
PropertyGrid.Property.SigmaColor.DisplayName	Sigma Color	Sigma Color
PropertyGrid.Property.SigmaSpace.DisplayName	Sigma Space	Sigma Space
PropertyGrid.Property.EdgeType.DisplayName	엣지 타입	Edge type
PropertyGrid.Property.CannyThresholdLow.DisplayName	Low 기준값	Low threshold
PropertyGrid.Property.CannyThresholdHigh.DisplayName	High 기준값	High threshold
PropertyGrid.Property.CannyApertureSize.DisplayName	Aperture 크기	Aperture size
PropertyGrid.Property.UseL2Gradient.DisplayName	L2 Gradient 사용	Use L2 gradient
PropertyGrid.Property.SobelDegreeX.DisplayName	Sobel X 차수	Sobel X degree
PropertyGrid.Property.SobelDegreeY.DisplayName	Sobel Y 차수	Sobel Y degree
PropertyGrid.Property.SobelKernelSize.DisplayName	Sobel 커널	Sobel kernel size
PropertyGrid.Property.ScharrDegreeX.DisplayName	Scharr X 차수	Scharr X degree
PropertyGrid.Property.ScharrDegreeY.DisplayName	Scharr Y 차수	Scharr Y degree
PropertyGrid.Property.LaplacianKernelSize.DisplayName	Laplacian 커널	Laplacian kernel size
PropertyGrid.Property.Angle.DisplayName	회전 각도	Angle
PropertyGrid.Property.ScaleXPercent.DisplayName	X 스케일(%)	Scale X (%)
PropertyGrid.Property.ScaleYPercent.DisplayName	Y 스케일(%)	Scale Y (%)
PropertyGrid.Property.Interpolation.DisplayName	보간	Interpolation
PropertyGrid.Property.MEAN_TYPES.DisplayName	평균 타입	Mean type
PropertyGrid.Property.MEAN_MIN.DisplayName	판정 최소값	Decision minimum
PropertyGrid.Property.MEAN_MAX.DisplayName	판정 최대값	Decision maximum
PropertyGrid.Property.SourcePoint1X.DisplayName	소스 점 1 X	Source point 1 X
PropertyGrid.Property.SourcePoint1Y.DisplayName	소스 점 1 Y	Source point 1 Y
PropertyGrid.Property.SourcePoint2X.DisplayName	소스 점 2 X	Source point 2 X
PropertyGrid.Property.SourcePoint2Y.DisplayName	소스 점 2 Y	Source point 2 Y
PropertyGrid.Property.SourcePoint3X.DisplayName	소스 점 3 X	Source point 3 X
PropertyGrid.Property.SourcePoint3Y.DisplayName	소스 점 3 Y	Source point 3 Y
PropertyGrid.Property.DestinationPoint1X.DisplayName	목표 점 1 X	Destination point 1 X
PropertyGrid.Property.DestinationPoint1Y.DisplayName	목표 점 1 Y	Destination point 1 Y
PropertyGrid.Property.DestinationPoint2X.DisplayName	목표 점 2 X	Destination point 2 X
PropertyGrid.Property.DestinationPoint2Y.DisplayName	목표 점 2 Y	Destination point 2 Y
PropertyGrid.Property.DestinationPoint3X.DisplayName	목표 점 3 X	Destination point 3 X
PropertyGrid.Property.DestinationPoint3Y.DisplayName	목표 점 3 Y	Destination point 3 Y
PropertyGrid.Property.OutputWidth.DisplayName	출력 폭	Output width
PropertyGrid.Property.OutputHeight.DisplayName	출력 높이	Output height
PropertyGrid.Property.BorderValue.DisplayName	테두리 값	Border value
PropertyGrid.Property.MinimumSourceTriangleArea.DisplayName	최소 소스 삼각형 면적	Minimum source triangle area
PropertyGrid.Property.MinimumDestinationTriangleArea.DisplayName	최소 목표 삼각형 면적	Minimum destination triangle area
PropertyGrid.Property.MinimumValidPixelRatio.DisplayName	최소 유효 픽셀 비율	Minimum valid pixel ratio
PropertyGrid.Property.MIN_AREA.DisplayName	최소 면적	Min area
PropertyGrid.Property.MAX_AREA.DisplayName	최대 면적	Max area
PropertyGrid.Property.MIN_WIDTH.DisplayName	최소 바운딩 폭	Min bounding width
PropertyGrid.Property.MAX_WIDTH.DisplayName	최대 바운딩 폭	Max bounding width
PropertyGrid.Property.MIN_HEIGHT.DisplayName	최소 바운딩 높이	Min bounding height
PropertyGrid.Property.MAX_HEIGHT.DisplayName	최대 바운딩 높이	Max bounding height
PropertyGrid.Property.USE_APPROXPOLYDP.DisplayName	Approx poly 사용	Use approx poly
PropertyGrid.Property.USE_DRAW_IMAGE.DisplayName	결과 그리기	Draw result
PropertyGrid.Property.ApproximationModes.DisplayName	근사 방식	Approximation
PropertyGrid.Property.DetectMode.DisplayName	검색 모드	Retrieval mode
PropertyGrid.Property.EPSILON.DisplayName	근사 오차	Approx epsilon
PropertyGrid.Property.DrawColor.DisplayName	표시 색상	Draw color
PropertyGrid.Property.DrawThickness.DisplayName	선 두께	Draw thickness
PropertyGrid.Property.MATCH_MODE.DisplayName	매칭 방식	Match mode
PropertyGrid.Property.MATCH_MODE.Description	템플릿 매칭 점수 계산 방식입니다. 조명 변화가 있으면 정규화 계열을 우선 비교합니다.	Template matching score method. Prefer normalized modes when illumination changes.
PropertyGrid.Property.SCORE_MIN.DisplayName	최소 점수	Min score
PropertyGrid.Property.SCORE_MIN.Description	검출 결과로 인정할 최소 점수입니다. 높을수록 약한 후보를 더 엄격하게 제외합니다.	Minimum score accepted as a detection. Higher values reject weak candidates more strictly.
PropertyGrid.Property.MAGNIFIATION.DisplayName	배율	Magnification
PropertyGrid.Property.MAGNIFIATION.Description	이미지 피라미드 기반 스케일 탐색에 사용하는 배율입니다. 1.0은 등록한 템플릿 원본 크기이며, 값이 달라지면 피라미드 단계에서 크기가 다른 후보를 비교합니다.	Magnification used for image-pyramid based scale search. 1.0 keeps the registered template size; other values compare candidates at different pyramid scales.
PropertyGrid.Property.NUM_MATCH.DisplayName	매칭 개수	Match count
PropertyGrid.Property.NUM_MATCH.Description	검출할 최대 매칭 개수입니다. 1이면 가장 좋은 위치 1개만 사용합니다.	Maximum number of accepted matches. 1 uses only the best candidate.
PropertyGrid.Property.USE_FIND_ANGLE.DisplayName	각도 탐색 사용	Use angle search
PropertyGrid.Property.USE_FIND_ANGLE.Description	회전된 템플릿까지 탐색할지 결정합니다. 사용하면 각도 범위와 각도 간격 기준으로 반복 검색합니다.	Search rotated template candidates. When enabled, the angle range and step control repeated searches.
PropertyGrid.Property.FIND_ANGLE.DisplayName	각도 간격	Angle step
PropertyGrid.Property.FIND_ANGLE.Description	각도 탐색 시 후보 각도를 증가시키는 간격입니다. 작을수록 정밀하지만 검색 시간이 늘어납니다.	Angle increment used during angle search. Smaller values are more precise but slower.
PropertyGrid.Property.FIND_ANGLE_MAX.DisplayName	최대 각도	Max angle
PropertyGrid.Property.FIND_ANGLE_MAX.Description	각도 탐색의 상한값입니다.	Upper bound for angle search.
PropertyGrid.Property.FIND_ANGLE_MIN.DisplayName	최소 각도	Min angle
PropertyGrid.Property.FIND_ANGLE_MIN.Description	각도 탐색의 하한값입니다.	Lower bound for angle search.
PropertyGrid.Property.PATTERN_PATH.DisplayName	패턴 경로	Pattern path
PropertyGrid.Property.PATTERN_PATH.Description	등록한 템플릿 이미지 파일 경로입니다. 이 이미지를 기준으로 매칭을 수행합니다.	Registered template image file path. Matching uses this image as the reference.
PropertyGrid.Property.USE_CANNY.DisplayName	Canny 사용	Use canny
PropertyGrid.Property.USE_CANNY.Description	매칭 전에 Canny 엣지 이미지를 사용할지 결정합니다.	Use a Canny edge image before matching.
PropertyGrid.Property.CANNY_HIGH.DisplayName	Canny High	Canny high
PropertyGrid.Property.CANNY_HIGH.Description	Canny 전처리의 High 임계값입니다.	High threshold for Canny preprocessing.
PropertyGrid.Property.CANNY_LOW.DisplayName	Canny Low	Canny low
PropertyGrid.Property.CANNY_LOW.Description	Canny 전처리의 Low 임계값입니다.	Low threshold for Canny preprocessing.
PropertyGrid.Property.USE_PADDING_COLOR_WHITE.DisplayName	흰색 패딩 사용	Use white padding
PropertyGrid.Property.USE_PADDING_COLOR_WHITE.Description	회전/전처리 과정에서 생기는 외곽 영역을 흰색으로 채울지 결정합니다.	Fill border areas created by rotation or preprocessing with white.
PropertyGrid.Property.PRJ_PORALITY.DisplayName	극성	Polarity
PropertyGrid.Property.PRJ_DIR.DisplayName	방향	Direction
PropertyGrid.Property.CONTRAST.DisplayName	대비	Contrast
PropertyGrid.Property.THICKNESS.DisplayName	두께	Thickness
PropertyGrid.Property.SAMPLING_STEP.DisplayName	샘플 간격	Sampling step
PropertyGrid.Property.VER_PRJ_DIR.DisplayName	스캔 방향	Scan direction
PropertyGrid.Property.POINT_RANGE.DisplayName	스캔 간격	Scan interval
PropertyGrid.Property.USE_MANUAL_ANGLE.DisplayName	스캔 각도 사용	Use scan angle
PropertyGrid.Property.MANUAL_ANGLE_VALUE.DisplayName	스캔 각도	Scan angle
PropertyGrid.Property.USE_EXTEND_FIT_LINE.DisplayName	피팅 라인 연장	Extend fit line
PropertyGrid.Property.EXTEND_FIT_LINE_VALUE.DisplayName	연장 길이	Extend length
PropertyGrid.Property.AVERAGE_Diff.DisplayName	호환(미적용) · 평균 차이	Compatibility (inactive) · Average diff
PropertyGrid.Property.AVERAGE_Diff.Description	Recipe/Preset 호환을 위해 보존되는 읽기 전용 값입니다. 현재 LineGauge 런타임은 이 값을 사용하지 않습니다.	Read-only value preserved for Recipe/Preset compatibility. The current LineGauge runtime does not consume it.
PropertyGrid.Property.USE_AVERAGE_FILTER.DisplayName	호환(미적용) · 평균 필터	Compatibility (inactive) · Average filter
PropertyGrid.Property.USE_AVERAGE_FILTER.Description	Recipe/Preset 호환을 위해 보존되는 읽기 전용 값입니다. 현재 LineGauge 런타임은 평균 필터를 켜지 않습니다.	Read-only value preserved for Recipe/Preset compatibility. The current LineGauge runtime does not enable an average filter.
PropertyGrid.Property.AVERAGE_FILTER_TYPE.DisplayName	호환(미적용) · 평균 축	Compatibility (inactive) · Average axis
PropertyGrid.Property.AVERAGE_FILTER_TYPE.Description	Recipe/Preset 호환을 위해 보존되는 읽기 전용 X/Y 값입니다. 현재 LineGauge 런타임은 이 값을 사용하지 않습니다.	Read-only X/Y value preserved for Recipe/Preset compatibility. The current LineGauge runtime does not consume it.
PropertyGrid.Property.SHOW_VERTICAL_LINE.DisplayName	레거시 표시 · 스캔 라인	Legacy draw · Scan line
PropertyGrid.Property.SHOW_VERTICAL_LINE.Description	레거시 비트맵 Draw 경로용 읽기 전용 값입니다. 현재 WPF 미리보기와 Pipeline Review는 스캔 증거를 유지합니다.	Read-only value for the legacy bitmap Draw path. Current WPF Preview and Pipeline Review retain scan evidence.
PropertyGrid.Property.SHOW_EDGE.DisplayName	레거시 표시 · 엣지	Legacy draw · Edge
PropertyGrid.Property.SHOW_EDGE.Description	레거시 비트맵 Draw 경로용 읽기 전용 값입니다. 현재 WPF 미리보기와 Pipeline Review는 엣지 증거를 유지합니다.	Read-only value for the legacy bitmap Draw path. Current WPF Preview and Pipeline Review retain edge evidence.
PropertyGrid.Property.SHOW_CONTOUR.DisplayName	레거시 표시 · 연결선	Legacy draw · Contour
PropertyGrid.Property.SHOW_CONTOUR.Description	레거시 비트맵 Draw 경로용 읽기 전용 값입니다. 현재 WPF/Pipeline 오버레이 경로는 이 값을 사용하지 않습니다.	Read-only value for the legacy bitmap Draw path. The current WPF/Pipeline overlay path does not consume it.
PropertyGrid.Property.SHOW_FITLINE.DisplayName	레거시 표시 · 피팅선	Legacy draw · Fit line
PropertyGrid.Property.SHOW_FITLINE.Description	레거시 비트맵 Draw 경로용 읽기 전용 값입니다. 현재 WPF 미리보기와 Pipeline Review는 피팅선 증거를 유지합니다.	Read-only value for the legacy bitmap Draw path. Current WPF Preview and Pipeline Review retain fitted-line evidence.
LocalizerSmoke.Text	다국어 자동 적용 테스트	Localization Auto Apply Test
LocalizerSmoke.lblTitle.Text	자동 현지화 제목	Auto-localized Title
LocalizerSmoke.btnRun.Text	실행	Run
LocalizerSmoke.btnRun.ToolTip	현재 작업을 실행합니다.	Run the current action.
LocalizerSmoke.tbSearch.Placeholder	검색어 입력	Type search text
LocalizerSmoke.grid.colName.HeaderText	이름	Name
LocalizerSmoke.grid.colValue.HeaderText	값	Value
LocalizerSmoke.menuFile.Text	파일	File
LocalizerSmoke.menuOpen.Text	열기	Open
LocalizerSmoke.tabMain.Text	기본	Main
ImageCompare.Title	이미지 비교	Image Compare
ImageCompare.LoadImages	이미지 불러오기	Load Images
ImageCompare.FitAll	맞춤	Fit All
ImageCompare.SyncOn	Sync: ON	Sync: ON
ImageCompare.SyncOff	Sync: OFF	Sync: OFF
ImageCompare.NoImage	이미지 없음	No image
ImageCompare.Ready	대기	Ready
ImageCompare.SizeMismatch	크기 불일치	SIZE MISMATCH
ImageCompare.SizeMismatchDetected	이미지 크기 불일치 감지	Size mismatch detected
ImageCompare.StatusNoImage	{0:00} 이미지 없음	Image {0:00} no image
ImageCompare.StatusOut	{0:00} 영역 밖	Image {0:00} out
ImageCompare.DeltaOut	Delta vs {0:00}: 영역 밖	Delta vs {0:00}: out
ImageCompare.DeltaVs	Delta vs {0:00}	Delta vs {0:00}
ImageCompare.LoadFailed	이미지 비교 로드 실패.\n{0}	Image compare load failed.\n{0}
ImageCompare.ImageSlot	이미지 {0:00}	Image {0:00}
ImageCompare.ImagesCount	이미지: {0}/{1}	Images: {0}/{1}
ImageCanvas.LoadImage	이미지 불러오기	Load Image
ImageCanvas.SaveImage	이미지 저장	Save Image
LayerDisplay.EmptyTitle	이미지 없음	No image
LayerDisplay.EmptyMainDescription	기준 이미지를 불러오면 이 영역에 표시됩니다.	Load a reference image to display it here.
LayerDisplay.EmptyLayerDescription	레이어 이미지를 불러오면 이 영역에 표시됩니다.	Load a layer image to display it here.
LayerDisplay.LoadImageButton	이미지 불러오기	Load Image
LayerDisplay.Status.LayerEmpty	레이어 - · -	Layer - · -
LayerDisplay.Status.CanvasEmpty	캔버스 X:0 Y:0	Canvas X:0 Y:0
LayerDisplay.Status.ImageEmpty	이미지 X:0 Y:0 · 100%	Image X:0 Y:0 · 100%
LayerDisplay.Status.LayerNoImage	레이어 {0} · 이미지 없음	Layer {0} · No image
LayerDisplay.Status.CanvasDash	캔버스 -	Canvas -
LayerDisplay.Status.ImageDash	이미지 - · -	Image - · -
LayerDisplay.Status.LayerImage	레이어 {0} · {1}	Layer {0} · {1}
LayerDisplay.Status.Canvas	캔버스 X:{0} Y:{1}	Canvas X:{0} Y:{1}
LayerDisplay.Status.ImagePosition	이미지 X:{0} Y:{1} · {2:0}%	Image X:{0} Y:{1} · {2:0}%
LayerDisplay.Tooltip.ColorSwatch	현재 마우스 위치의 픽셀 색상입니다.	Pixel color at the current mouse position.
LayerDisplay.Tooltip.LayerNoImage	현재 레이어: {0}\n이미지 없음	Current layer: {0}\nNo image
LayerDisplay.Tooltip.CanvasEmpty	이미지가 로드되면 캔버스 좌표가 표시됩니다.	Canvas coordinates appear after an image is loaded.
LayerDisplay.Tooltip.ImageEmpty	이미지가 로드되면 이미지 좌표와 확대율이 표시됩니다.	Image coordinates and zoom appear after an image is loaded.
LayerDisplay.Tooltip.GvEmpty	이미지가 로드되면 Gray Value가 표시됩니다.	Gray Value appears after an image is loaded.
LayerDisplay.Tooltip.RgbEmpty	이미지가 로드되면 RGB 값이 표시됩니다.	RGB values appear after an image is loaded.
LayerDisplay.Tooltip.PixelEmpty	이미지가 로드되면 픽셀 색상이 표시됩니다.	Pixel color appears after an image is loaded.
LayerDisplay.Tooltip.LayerImage	현재 레이어: {0}\n이미지 크기: {1}	Current layer: {0}\nImage size: {1}
LayerDisplay.Tooltip.Canvas	캔버스 좌표(Bottom-Left 기준)\n{0}	Canvas coordinates (bottom-left origin)\n{0}
LayerDisplay.Tooltip.ImagePosition	이미지 좌표(Top-Left 기준) 및 확대율\n{0}	Image coordinates (top-left origin) and zoom\n{0}
LayerDisplay.Tooltip.Rgb	RGB 값\n{0}	RGB value\n{0}
LayerDisplay.Tooltip.PixelColor	픽셀 색상\nR:{0} G:{1} B:{2}	Pixel color\nR:{0} G:{1} B:{2}
Pipeline.Menu.Undo	실행 취소	Undo
Pipeline.Menu.Redo	다시 실행	Redo
VisionTest.Undo	실행 취소	Undo
VisionTest.Redo	다시 실행	Redo
VisionTest.UndoFormat	실행 취소 {0}	Undo {0}
VisionTest.RedoFormat	다시 실행 {0}	Redo {0}
Main.LayerUndoDone	레이어 작업 실행 취소: {0}	Layer undo: {0}
Main.LayerRedoDone	레이어 작업 다시 실행: {0}	Layer redo: {0}
Shell.LayerStateNone	없음	none
Shell.LayerStateDisplay	표시	display
Shell.LayerResultMainFormat	02  Main  {0}	02  Main  {0}
Shell.LayerResultNoneFormat	03  NewPanel_LPV  {0}	03  NewPanel_LPV  {0}
Shell.LayerResultDisplayFormat	04  NewPanel_sbA  {0}	04  NewPanel_sbA  {0}
Shell.ToolRailCollapse	도구 접기	Collapse tools
Shell.ToolRailExpand	도구 펼치기	Expand tools
Shell.ToolReadiness.InputMissingBadge	입력 없음	No input
Shell.ToolReadiness.InputMissingDescription	Main 이미지를 로드한 뒤 이 도구를 설정하세요. Preview/Run은 자동 실행되지 않습니다.	Load a Main image before configuring this tool. Preview/Run will not start automatically.
Shell.ToolReadiness.ConfigureBadge	설정 가능	Configure
Shell.ToolReadiness.ConfigureDescription	Main 이미지가 준비되었습니다. 도구를 열어 파라미터를 설정한 뒤 Preview를 직접 실행하세요.	Main image is ready. Open the tool, configure parameters, then run Preview explicitly.
Shell.ToolReadiness.TemplateMissingBadge	템플릿 필요	Template needed
Shell.ToolReadiness.TemplateMissingDescription	Main 이미지는 준비되었지만 이 매칭 도구의 템플릿이 없습니다. 해당 도구를 열어 템플릿을 등록한 뒤 Preview를 직접 실행하세요.	The Main image is ready, but this matching tool has no registered template. Open the tool, register a template, then run Preview explicitly.
Shell.ToolReadiness.InputBMissingBadge	B 입력 필요	B needed
Shell.ToolReadiness.InputBMissingDescription	이 산술 연산 설정에는 Input B로 사용할 다른 이미지 레이어가 필요합니다. 해당 레이어를 로드하거나 만든 뒤 Preview를 직접 실행하세요.	This Arithmetic setting needs another image layer for Input B. Load or create that layer, then run Preview explicitly.
Shell.ToolReadiness.LineScalePixelOnlyBadge	px 전용	PX only
Shell.ToolReadiness.LineScalePixelOnlyDescription	Line A/B의 Pixel / mm가 0입니다. 픽셀 결과는 설정할 수 있지만 mm 결과를 사용하면 안 됩니다. Preview를 직접 실행하세요.	Line A/B Pixel / mm is 0. Pixel results can be configured, but mm results must not be used. Run Preview explicitly.
Shell.ToolReadiness.LineScaleReviewBadge	보정 확인	Check scale
Shell.ToolReadiness.LineScaleReviewDescription	Line A/B의 Pixel / mm 값이 없거나 유효하지 않거나 서로 다릅니다. mm 결과를 사용하기 전에 두 값을 확인하고 Preview를 직접 실행하세요.	Line A/B Pixel / mm values are missing, invalid, or inconsistent. Review both values before using mm results, then run Preview explicitly.
Shell.ToolReadiness.LineScaleConfiguredBadgeFormat	mm {0}	mm {0}
Shell.ToolReadiness.LineScaleConfiguredDescriptionFormat	Line A/B의 Pixel / mm 값이 {0} mm/px로 일치합니다. mm 결과를 신뢰하기 전에 실제 교정 근거를 확인하고 Preview를 직접 실행하세요.	Line A/B Pixel / mm values match at {0} mm/px. Verify the real calibration evidence before trusting mm results, then run Preview explicitly.
Shell.ToolSearch.Hint	도구·검사·파라미터·결과 검색	Search tool, intent, parameter, or result
Shell.ToolSearch.ClearToolTip	도구 검색 지우기	Clear tool search
Shell.ToolSearch.OpenLearnToolTip	이 도구의 Learn 주제 열기	Open this tool's Learn topic
Shell.ToolSearch.OpenSamplesToolTip	이 도구의 공개 샘플 열기	Open samples for this tool
Shell.ToolSearch.OpenGuidedSetupToolTip	이 도구의 Guided Setup 열기	Open Guided Setup for this tool
Shell.ToolSearch.AllFormat	전체 {0}개 도구	All {0} tools
Shell.ToolSearch.ResultFormat	{0}개 도구 찾음	{0} tools found
PropertyGrid.Type.BlobProperty.MIN_AREA.DisplayName	면적 범위	Area range
PropertyGrid.Type.ContourProperty.MIN_AREA.DisplayName	면적 범위	Area range
PropertyGrid.Type.BlobProperty.MIN_WIDTH.DisplayName	바운딩 폭 범위	Bounding width range
PropertyGrid.Type.ContourProperty.MIN_WIDTH.DisplayName	바운딩 폭 범위	Bounding width range
PropertyGrid.Type.BlobProperty.MIN_HEIGHT.DisplayName	바운딩 높이 범위	Bounding height range
PropertyGrid.Type.ContourProperty.MIN_HEIGHT.DisplayName	바운딩 높이 범위	Bounding height range
PropertyGrid.Type.MatchingProperty.FIND_ANGLE_MIN.DisplayName	각도 범위	Angle range
PropertyGrid.Type.MatchingProperty.FIND_ANGLE_MIN.Description	패턴 매칭에서 탐색할 회전 각도 범위입니다.	Rotation angle range searched by pattern matching.
PropertyGrid.Type.MatchingProperty.CANNY_LOW.DisplayName	Canny 범위	Canny range
PropertyGrid.Type.MatchingProperty.CANNY_LOW.Description	Canny 전처리에 사용할 Low/High 임계값 범위입니다.	Low/High threshold range used for Canny preprocessing.
PropertyGrid.Type.FeatureMatchingProperty.PATTERN_PATH.DisplayName	특징 템플릿 경로	Feature template path
PropertyGrid.Type.FeatureMatchingProperty.PATTERN_PATH.Description	특징점 기반 매칭에 사용할 템플릿 이미지 파일 경로입니다.	Template image file path used for feature-based matching.
PropertyGrid.Type.FeatureMatchingProperty.SCORE_MIN.DisplayName	Ratio 기준	Ratio threshold
PropertyGrid.Type.FeatureMatchingProperty.SCORE_MIN.Description	서로 구별되는 descriptor 매칭을 남기는 Lowe Ratio 기준입니다. 값이 작을수록 엄격하고, 클수록 더 많은 후보를 남깁니다.	Lowe ratio threshold used to keep distinctive descriptor matches. Smaller values are stricter; larger values keep more candidates.
PropertyGrid.Type.FeatureMatchingProperty.RANSAC_REPROJ_THRESHOLD.DisplayName	RANSAC 허용 오차	RANSAC tolerance
PropertyGrid.Type.FeatureMatchingProperty.RANSAC_REPROJ_THRESHOLD.Description	특징점 매칭 후 기하 변환을 검증할 때 사용하는 재투영 허용 오차(pixel)입니다. 값이 크면 더 많은 변형을 허용합니다.	Reprojection tolerance in pixels used to validate the geometric transform after feature matching. Higher values allow more variation.
PropertyGrid.Property.AUTO_PREVIEW.DisplayName	자동 미리보기	Auto preview
PropertyGrid.Property.AUTO_PREVIEW.Description	파라미터를 바꿀 때마다 자동으로 미리보기를 실행할지 결정합니다. 각도 탐색처럼 오래 걸릴 수 있는 조건에서는 끄고 수동으로 미리보기를 실행하는 것이 안전합니다.	Runs preview automatically after parameter changes. Keep it off for potentially slow searches such as angle search, then run Preview manually.
VisionTool.ParameterGuide.Header	파라미터 가이드	Parameter Guide
VisionTool.ParameterGuide.PromptTitle	파라미터를 선택하세요	Select a parameter
VisionTool.ParameterGuide.PromptDetail	PropertyGrid의 항목을 클릭하거나 키보드로 이동하면 의미와 검출 영향을 여기에서 확인할 수 있습니다.	Click a PropertyGrid row or move to it with the keyboard to see its meaning and detection impact here.
VisionTool.ParameterGuide.PromptCheck	값을 변경한 뒤에는 미리보기를 직접 실행하고 결과 드로잉과 지표를 비교하세요.	After changing a value, run Preview explicitly and compare the result drawing and metrics.
VisionTool.ParameterGuide.SummaryLabel	무엇을 제어합니까?	What does it control?
VisionTool.ParameterGuide.ImpactLabel	값 변경 영향	Effect of changing it
VisionTool.ParameterGuide.BestWhenLabel	적합한 조건	Best used when
VisionTool.ParameterGuide.RiskLabel	주의할 점	Watch for
VisionTool.ParameterGuide.CheckLabel	미리보기 후 확인	Check after Preview
VisionTool.ParameterGuide.RelatedLabel	관련 파라미터	Related parameters
VisionTool.ParameterGuide.RelatedToolTip	관련 PropertyGrid 항목으로 이동합니다. 값은 변경하지 않습니다.	Focus the related PropertyGrid row without changing its value.
VisionTool.ParameterGuide.RelatedAutomationPrefix	관련 파라미터	Related parameter
VisionTool.ParameterGuide.VerifiedCoverage	상세 안내	Detailed guide
VisionTool.ParameterGuide.BasicCoverage	기본 안내	Basic guide
VisionTool.ParameterGuide.InactiveFormat	현재 {0}이(가) 꺼져 있어 이 파라미터는 실행에 적용되지 않습니다.	This parameter is currently inactive because {0} is off.
VisionTool.ParameterGuide.ValueOn	켜짐	On
VisionTool.ParameterGuide.ValueOff	꺼짐	Off
VisionTool.ParameterGuide.ItemCountFormat	{0}개	{0} items
VisionTool.ParameterGuide.FallbackSummary	이 파라미터의 현재 설정을 제어합니다.	Controls the current setting for this parameter.
VisionTool.ParameterGuide.FallbackBestWhen	검사 목적과 대표 이미지에서 이 동작이 필요할 때 사용합니다.	Use it when this behavior is required by the inspection intent and representative images.
VisionTool.ParameterGuide.FallbackBooleanImpact	켜면 해당 동작을 적용하고 끄면 적용하지 않습니다. 변경 후 결과와 처리 시간을 함께 확인하세요.	On applies the behavior and Off bypasses it. Check both the result and processing time after changing it.
VisionTool.ParameterGuide.FallbackEnumImpact	선택한 방식에 따라 처리 기준과 결과가 달라집니다. 옵션을 바꿀 때는 다른 파라미터를 고정하고 비교하세요.	The processing rule and result depend on the selected option. Keep other parameters fixed while comparing options.
VisionTool.ParameterGuide.FallbackValueImpact	값을 변경하면 후보 선택, 결과 수 또는 처리 시간이 달라질 수 있습니다. 한 번에 한 항목만 변경하세요.	Changing the value can affect candidate selection, result count, or runtime. Change one item at a time.
VisionTool.ParameterGuide.FallbackRisk	너무 넓거나 엄격한 설정은 오검출, 미검출 또는 처리 시간 증가를 만들 수 있습니다.	An overly broad or strict setting can cause false detections, misses, or longer runtime.
VisionTool.ParameterGuide.FallbackMatchingRisk	점수만 높아도 올바른 물리적 대상을 찾았다는 뜻은 아닙니다. 위치와 드로잉을 반드시 확인하세요.	A high score alone does not prove the correct physical target was found. Always check position and drawing.
VisionTool.ParameterGuide.FallbackLineRisk	다른 경계나 노이즈를 먼저 선택할 수 있으므로 선택된 엣지와 피팅선을 확인하세요.	The first selected transition can be noise or another boundary, so review the selected edge and fitted line.
VisionTool.ParameterGuide.FallbackCheck	명시적 미리보기 후 결과 이미지, 드로잉, 결과 수와 처리 시간을 확인하세요.	After explicit Preview, check the result image, drawings, result count, and runtime.
VisionTool.ParameterGuide.FallbackMatchingCheck	명시적 미리보기 후 결과 위치와 박스, ResultCount, ScoreMax, 각도·배율과 처리 시간을 확인하세요.	After explicit Preview, check result position and boxes, ResultCount, ScoreMax, angle/scale, and runtime.
VisionTool.ParameterGuide.FallbackEdgeMatchingCheck	명시적 미리보기 후 템플릿 윤곽과 중심, ScoreMax, 고유 매칭 상태와 경쟁 후보를 확인하세요.	After explicit Preview, check the template outline and center, ScoreMax, unique-match state, and competing candidates.
VisionTool.ParameterGuide.FallbackLineCheck	명시적 미리보기 후 신호 응답, 선택된 엣지, 피팅선, EdgeCount와 거리·각도 지표를 확인하세요.	After explicit Preview, check the signal response, selected edge, fitted line, EdgeCount, and distance/angle metrics.
VisionTool.ParameterGuide.Common.AutoPreview.Summary	파라미터 편집 후 미리보기를 자동 실행할지 결정합니다.	Controls whether Preview runs automatically after a parameter edit.
VisionTool.ParameterGuide.Common.AutoPreview.Impact	켜면 튜닝은 빠르지만 넓은 각도·배율 탐색에서는 편집할 때마다 오래 걸릴 수 있습니다. 끄면 명시적 미리보기만 실행됩니다.	On makes tuning immediate but can repeat expensive angle/scale searches after every edit. Off keeps Preview explicit.
VisionTool.ParameterGuide.Common.AutoPreview.Check	켜기 자체가 미리보기를 실행하면 안 됩니다. 다음 파라미터 편집 뒤 실행 횟수와 결과 갱신을 확인하세요.	Enabling it must not run Preview by itself. Check the run count and result refresh after the next parameter edit.
VisionTool.ParameterGuide.Common.UseRoi.Summary	검사를 전체 이미지가 아니라 지정한 ROI 안으로 제한할지 결정합니다.	Controls whether inspection is limited to a reviewed ROI instead of the full image.
VisionTool.ParameterGuide.Common.UseRoi.Impact	켜면 처리 범위와 경쟁 후보가 줄지만 대상이 ROI 밖으로 이동하면 미검출됩니다. 끄면 전체 이미지를 처리합니다.	On reduces work and competing candidates but misses targets that move outside the ROI. Off processes the full image.
VisionTool.ParameterGuide.Common.UseRoi.Check	미리보기에서 ROI 드로잉이 의도한 물리 영역을 덮고 대상 변동 범위를 포함하는지 확인하세요.	In Preview, verify the ROI drawing covers the intended physical region and expected target variation.
VisionTool.ParameterGuide.Common.Roi.Summary	검사 또는 측정에 사용할 이미지 좌표 영역입니다.	This is the image-coordinate region used for inspection or measurement.
VisionTool.ParameterGuide.Common.Roi.Impact	작게 만들면 빠르고 불필요한 후보가 줄지만 위치 변동이나 필요한 경계를 잘라낼 수 있습니다. 크게 만들면 반대 효과가 있습니다.	A smaller ROI is faster and reduces clutter but can clip pose variation or required boundaries. A larger ROI has the opposite trade-off.
VisionTool.ParameterGuide.Common.Roi.Check	미리보기의 ROI 폴리곤과 결과 드로잉을 함께 보고 필요한 대상과 경계가 모두 포함되는지 확인하세요.	Review the ROI polygon with the result drawing and verify all required targets and boundaries are included.
VisionTool.ParameterGuide.Common.PixelScale.Summary	레거시 XML 키는 PIXELPERMM이지만 실제 의미는 픽셀당 밀리미터(mm/px)입니다.	The legacy XML key is PIXELPERMM, but its runtime meaning is millimetres per pixel (mm/px).
VisionTool.ParameterGuide.Common.PixelScale.Impact	양의 보정값을 적용하면 지원되는 mm 지표가 계산됩니다. 값이 커지면 같은 픽셀 거리가 더 큰 mm 결과가 됩니다.	A positive applied scale enables supported mm metrics. A larger value makes the same pixel distance produce a larger mm result.
VisionTool.ParameterGuide.Common.PixelScale.Check	픽셀 결과와 mm 결과의 비율, 적용한 2점 보정 근거를 확인하세요. 이 값은 렌즈 보정이나 공인 계측을 뜻하지 않습니다.	Check the pixel-to-mm ratio and the applied two-point scale evidence. This is not lens calibration or certified metrology.
VisionTool.ParameterGuide.Matching.Pattern.Summary	입력 이미지에서 찾을 기준 템플릿 파일입니다.	The reference template file to find in the input image.
VisionTool.ParameterGuide.Matching.Pattern.Impact	대상만 포함한 고유한 템플릿은 안정성을 높입니다. 배경이나 반복 무늬가 많으면 잘못된 위치가 높은 점수를 받을 수 있습니다.	A distinctive target-only template improves stability. Background or repeated texture can give a wrong location a high score.
VisionTool.ParameterGuide.Matching.Pattern.Check	미리보기에서 박스와 중심이 동일한 물리 특징에 놓이는지 확인하고 대표 이미지에서도 반복 검증하세요.	In Preview, verify the box and center land on the same physical feature, then replay representative images.
VisionTool.ParameterGuide.Matching.Mode.Summary	템플릿과 검색 영역의 밝기 유사도를 계산하는 방식을 선택합니다.	Selects how intensity similarity is calculated between the template and search image.
VisionTool.ParameterGuide.Matching.Mode.Impact	정규화 방식은 전체 밝기 변화에 상대적으로 강하지만 모든 조명 변화나 물리적 동일성을 보장하지 않습니다.	Normalized modes are less sensitive to global brightness changes, but do not guarantee robustness to all lighting changes or physical identity.
VisionTool.ParameterGuide.Matching.Mode.Check	같은 ROI와 템플릿으로 대표 OK/NG의 점수 분포와 실제 검출 위치를 비교하세요.	With the same ROI and template, compare representative OK/NG score distributions and actual detected positions.
VisionTool.ParameterGuide.Matching.ScoreMin.Summary	후보를 매칭 결과로 인정할 최소 정규화 점수입니다.	The minimum normalized score required to accept a candidate as a match.
VisionTool.ParameterGuide.Matching.ScoreMin.Impact	높이면 약한 후보와 오검출이 줄 수 있지만 저대비·변형 대상은 미검출될 수 있습니다. 낮추면 더 많은 약한 후보를 허용합니다.	Raising it can reject weak false matches but may miss low-contrast or changed targets. Lowering it admits more weak candidates.
VisionTool.ParameterGuide.Matching.ScoreMin.Check	ScoreMax만 보지 말고 결과 위치·박스·ResultCount와 경쟁 후보 점수 차이를 함께 확인하세요.	Do not review ScoreMax alone; check result position, box, ResultCount, and the gap to competing candidates.
VisionTool.ParameterGuide.Matching.MatchCount.Summary	한 번의 실행에서 유지할 최대 매칭 결과 수입니다.	The maximum number of matching results retained in one execution.
VisionTool.ParameterGuide.Matching.MatchCount.Impact	늘리면 여러 대상을 찾을 수 있지만 반복 무늬와 약한 후보도 결과에 포함될 수 있습니다. 1은 최상위 한 후보만 사용합니다.	A larger count can find multiple targets but may include repeated patterns and weak candidates. One keeps only the top candidate.
VisionTool.ParameterGuide.Matching.MatchCount.Check	의도한 물체 수와 ResultCount, 각 결과 박스의 물리 위치를 확인하세요.	Check the intended object count against ResultCount and the physical position of every result box.
VisionTool.ParameterGuide.Matching.UseAngle.Summary	회전된 템플릿 후보를 함께 검색할지 결정합니다.	Controls whether rotated template candidates are searched.
VisionTool.ParameterGuide.Matching.UseAngle.Impact	켜면 회전 변동을 처리하지만 각도 범위와 간격만큼 시간이 늘고 경쟁 후보가 많아질 수 있습니다.	Enabling covers rotation variation but increases runtime and competing candidates according to the angle range and step.
VisionTool.ParameterGuide.Matching.UseAngle.Check	검출 각도와 박스 방향, 처리 시간을 확인하고 생산에서 필요한 범위만 유지하세요.	Check detected angle, box orientation, and runtime, then keep only the range required by production variation.
VisionTool.ParameterGuide.Matching.AngleRange.Summary	매칭에서 검색할 최소·최대 회전 각도 범위입니다.	The minimum and maximum rotation angle range searched by matching.
VisionTool.ParameterGuide.Matching.AngleRange.Impact	범위를 넓히면 더 큰 회전을 찾지만 처리 시간과 잘못된 후보 기회가 늘어납니다. 좁히면 빠르지만 범위 밖 대상을 놓칩니다.	A wider range covers more rotation but increases runtime and opportunities for wrong candidates. A narrow range is faster but misses targets outside it.
VisionTool.ParameterGuide.Matching.AngleRange.Check	대표 이미지의 실제 자세 범위, 검출 각도, ScoreMax와 경과 시간을 함께 확인하세요.	Check representative pose variation, detected angle, ScoreMax, and elapsed time together.
VisionTool.ParameterGuide.Matching.AngleStep.Summary	각도 탐색에서 이웃 회전 후보 사이의 간격입니다.	The interval between neighboring rotation candidates in angle search.
VisionTool.ParameterGuide.Matching.AngleStep.Impact	작게 하면 더 세밀하지만 느려집니다. 크게 하면 빠르지만 최적 자세 사이를 건너뛰어 점수가 낮거나 미검출될 수 있습니다.	A smaller step is finer but slower. A larger step is faster but can skip the best pose, lowering score or causing a miss.
VisionTool.ParameterGuide.Matching.AngleStep.Check	검출 각도와 박스 정렬, 처리 시간을 비교하고 더 작은 간격이 실제 결과를 개선하는지 확인하세요.	Compare detected angle, box alignment, and runtime, and verify that a smaller step actually improves the result.
VisionTool.ParameterGuide.Matching.UseScale.Summary	템플릿보다 작거나 큰 대상 크기를 함께 검색할지 결정합니다.	Controls whether targets smaller or larger than the taught template are searched.
VisionTool.ParameterGuide.Matching.UseScale.Impact	켜면 크기 변동을 처리하지만 범위와 간격에 따라 느려지고 유사 후보가 늘 수 있습니다.	Enabling covers size variation but can be slower and admit more similar candidates according to range and step.
VisionTool.ParameterGuide.Matching.UseScale.Check	검출 배율, 결과 박스 크기, ScoreMax와 처리 시간을 확인하세요.	Check detected scale, result-box size, ScoreMax, and runtime.
VisionTool.ParameterGuide.Matching.ScaleRange.Summary	원본 템플릿 크기 1.0을 기준으로 검색할 최소·최대 배율입니다.	The minimum and maximum searched scale relative to the original template size of 1.0.
VisionTool.ParameterGuide.Matching.ScaleRange.Impact	범위를 넓히면 크기 변동을 더 많이 처리하지만 느려지고 잘못된 크기 후보가 늘 수 있습니다.	A wider range covers more size variation but is slower and can add wrong-size candidates.
VisionTool.ParameterGuide.Matching.ScaleRange.Check	실제 생산 크기 변동 안에서만 범위를 정하고 검출 배율과 박스가 물리 대상과 맞는지 확인하세요.	Keep the range within real production size variation and verify detected scale and box match the physical target.
VisionTool.ParameterGuide.Matching.ScaleStep.Summary	배율 검색에서 이웃 크기 후보 사이의 간격입니다.	The interval between neighboring size candidates in scale search.
VisionTool.ParameterGuide.Matching.ScaleStep.Impact	작게 하면 더 세밀하지만 느려집니다. 크게 하면 빠르지만 최적 크기 사이를 건너뛸 수 있습니다.	A smaller step is finer but slower. A larger step is faster but can skip the best target size.
VisionTool.ParameterGuide.Matching.ScaleStep.Check	검출 배율, 박스 크기, ScoreMax와 처리 시간을 비교하세요.	Compare detected scale, box size, ScoreMax, and runtime.
VisionTool.ParameterGuide.Matching.UseCanny.Summary	밝기 영상 대신 Canny 엣지 영상으로 템플릿 매칭할지 결정합니다.	Controls whether template matching uses a Canny edge image instead of intensity.
VisionTool.ParameterGuide.Matching.UseCanny.Impact	형상 경계가 안정적일 때 유용할 수 있지만 약한 엣지가 끊기거나 배경 엣지가 많으면 불안정해질 수 있습니다.	It can help when shape boundaries are stable, but weak broken edges or cluttered background edges can make matching unstable.
VisionTool.ParameterGuide.Matching.UseCanny.Check	템플릿과 입력의 엣지가 같은 물리 경계를 유지하는지와 최종 박스 위치를 확인하세요.	Check that template and input edges retain the same physical boundary and verify the final box position.
VisionTool.ParameterGuide.Matching.CannyRange.Summary	Canny 전처리에서 약한 엣지와 강한 엣지를 구분하는 Low/High 범위입니다.	The Canny Low/High range separating weak and strong edges during preprocessing.
VisionTool.ParameterGuide.Matching.CannyRange.Impact	올리면 약한 노이즈 엣지가 줄지만 대상 경계가 끊길 수 있습니다. 내리면 약한 경계를 살리지만 배경 엣지가 늘 수 있습니다.	Raising suppresses weak noisy edges but can break the target boundary. Lowering retains weak boundaries but can add background edges.
VisionTool.ParameterGuide.Matching.CannyRange.Check	엣지 영상에서 대상 윤곽의 연속성과 배경 노이즈를 확인한 뒤 매칭 위치와 점수를 비교하세요.	Check target-outline continuity and background noise in the edge image, then compare match position and score.
VisionTool.ParameterGuide.Matching.Magnification.Summary	소스와 각 배율 템플릿의 가로·세로 크기를 이 값으로 나눠 1차 검색하는 작업 해상도 나눗수입니다. 대상 크기 변화 범위가 아니며 내부 이름 MAGNIFIATION은 Recipe/XML 호환을 위해 유지됩니다.	The working-resolution divisor used to downsample both the source and every scaled template for the first search. It is not the target-size variation range; the legacy MAGNIFIATION name is retained for Recipe/XML compatibility.
VisionTool.ParameterGuide.Matching.Magnification.Impact	1보다 크게 하면 1차 검색 픽셀이 줄어 빨라질 수 있지만 작은 특징과 정확한 위치가 손실될 수 있으며, 이후 원본 주변 재검증이 수행됩니다. 1은 원본 작업 해상도를 유지합니다.	Values above 1 reduce first-pass pixels and can improve speed, but may lose small features and precise position; a neighborhood is then refined near the coarse result at the original image. A value of 1 keeps the original working resolution.
VisionTool.ParameterGuide.Matching.Magnification.BestWhen	큰 이미지에서 대상 특징이 축소 후에도 충분히 남고, 실제 샘플로 속도와 위치 정밀도를 함께 검증할 때만 1보다 큰 값을 사용하세요.	Use a value above 1 only on large images where the target feature remains visible after downsampling and actual samples verify both speed and position precision.
VisionTool.ParameterGuide.Matching.Magnification.Risk	0 이하는 실행 전 실패합니다. 지나치게 크면 작업 이미지나 템플릿이 비거나 작은 특징이 사라져 미검출·위치 오차가 생길 수 있습니다. Scale search의 최소/최대 배율과 혼동하지 마세요.	Zero or negative values fail before execution. An excessive divisor can empty the working image/template or erase small features, causing misses or position error. Do not confuse it with the minimum/maximum target scale search.
VisionTool.ParameterGuide.Matching.Magnification.Check	같은 대표 OK/NG에서 ResultCount, ScoreMax, 박스·중심 위치와 Tact를 1 기준값과 비교하고 작은 특징이 유지되는지 확대해 확인하세요.	On the same representative OK/NG samples, compare ResultCount, ScoreMax, box/center position, and Tact against the value-1 baseline, and zoom in to verify small features remain.
VisionTool.ParameterGuide.Matching.UseCoarseAngle.Summary	전체 각도 범위를 큰 간격으로 먼저 검사한 뒤 상위 각도 후보 주변만 Angle step으로 정밀 재검사하는 선택적 속도 옵션입니다.	An opt-in speed option that first scans the full angle range at a larger interval, then rechecks only neighborhoods around the best angle candidates using Angle step.
VisionTool.ParameterGuide.Matching.UseCoarseAngle.Impact	넓은 범위와 작은 Angle step에서 후보 수와 시간을 줄일 수 있습니다. 끄면 기존 exhaustive 각도 탐색을 유지합니다. 각도 탐색이 꺼져 있으면 적용되지 않습니다.	It can reduce candidate count and time for a wide range with a fine Angle step. Off preserves the existing exhaustive angle search. It has no effect when angle search is off.
VisionTool.ParameterGuide.Matching.UseCoarseAngle.BestWhen	실제 회전 범위가 넓어 exhaustive 탐색이 느리고, 상위 coarse 후보 주변에 진짜 자세가 남는지 대표 샘플로 검증할 때 사용하세요.	Use when the real rotation range is wide, exhaustive search is slow, and representative samples verify that the true pose survives among the top coarse candidates.
VisionTool.ParameterGuide.Matching.UseCoarseAngle.Risk	반복 무늬나 좁은 점수 봉우리에서는 coarse 단계가 진짜 각도를 상위 후보에서 제외해 점수 저하 또는 미검출을 만들 수 있습니다.	Repeated texture or a narrow score peak can cause the coarse pass to exclude the true angle from the finalists, lowering score or causing a miss.
VisionTool.ParameterGuide.Matching.UseCoarseAngle.Check	동일 샘플에서 켜기 전후 검출 각도, 회전 박스, ScoreMax, ResultCount와 Tact를 비교하고 NG 오검출도 확인하세요.	On the same samples, compare detected angle, rotated box, ScoreMax, ResultCount, and Tact before and after enabling, and also inspect NG false matches.
VisionTool.ParameterGuide.Matching.CoarseAngleStep.Summary	coarse 1차 탐색에서 이웃 각도 사이의 간격입니다. 실제 값은 Angle step보다 작아지지 않으며 두 옵션이 켜졌을 때만 사용됩니다.	The interval between neighboring angles in the coarse first pass. The runtime never uses a value finer than Angle step, and it is used only when both angle and coarse search are enabled.
VisionTool.ParameterGuide.Matching.CoarseAngleStep.Impact	크게 하면 1차 후보 수가 줄어 빨라질 수 있지만 진짜 점수 봉우리를 건너뛸 위험이 커집니다. 작게 하면 exhaustive 탐색에 가까워져 안전 여지는 늘지만 속도 이점이 줄어듭니다.	A larger value reduces first-pass candidates and can be faster but increases the chance of skipping the true score peak. A smaller value approaches exhaustive search, adding safety margin but reducing the speed benefit.
VisionTool.ParameterGuide.Matching.CoarseAngleStep.BestWhen	대상의 각도별 점수 변화가 완만하고, 선택한 간격의 절반 이내에서 fine 재탐색이 진짜 각도를 회복한다는 샘플 근거가 있을 때 사용하세요.	Use when the score changes smoothly with angle and sample evidence shows fine refinement recovers the true angle within half the chosen interval.
VisionTool.ParameterGuide.Matching.CoarseAngleStep.Risk	0 이하는 활성 상태에서 실행 실패합니다. Angle step 이하로 설정하면 coarse-to-fine 경로가 사용되지 않아 기대한 속도 개선이 없습니다.	Zero or negative values fail while active. If it is not greater than Angle step, the coarse-to-fine path is not used, so the expected speed benefit is absent.
VisionTool.ParameterGuide.Matching.CoarseAngleStep.Check	검출 각도와 박스 정렬이 exhaustive 기준과 같은지, Tact와 결과 수가 실제로 개선되는지 대표 OK/NG에서 비교하세요.	On representative OK/NG samples, compare detected angle and box alignment with the exhaustive baseline and verify Tact and result count actually improve.
VisionTool.ParameterGuide.Matching.CoarseAngleTopK.Summary	coarse 1차 탐색 점수가 높은 각도 중 fine Angle step으로 다시 검사할 후보 개수입니다.	The number of highest-scoring coarse angles whose neighborhoods are rechecked using the fine Angle step.
VisionTool.ParameterGuide.Matching.CoarseAngleTopK.Impact	늘리면 진짜 각도를 유지할 가능성이 높아지지만 정밀 재검사 수와 시간이 늘어납니다. 줄이면 빠르지만 잘못된 반복 무늬 후보만 남을 수 있습니다.	Increasing it raises the chance of retaining the true angle but adds fine-search work and time. Reducing it is faster but may retain only a wrong repeated-pattern candidate.
VisionTool.ParameterGuide.Matching.CoarseAngleTopK.BestWhen	coarse 점수 상위권에 유사 후보가 여러 개 존재해 Top 1만으로는 불안정하지만 전체 exhaustive 탐색은 과도하게 느릴 때 조정하세요.	Adjust when several similar candidates occupy the top coarse scores, Top 1 is unstable, and a full exhaustive search is too slow.
VisionTool.ParameterGuide.Matching.CoarseAngleTopK.Risk	0 이하는 활성 상태에서 실행 실패합니다. 너무 작으면 진짜 각도를 버리고, 너무 크면 속도 이점이 사라질 수 있습니다.	Zero or negative values fail while active. Too small can discard the true angle; too large can erase the speed benefit.
VisionTool.ParameterGuide.Matching.CoarseAngleTopK.Check	상위 K를 바꿀 때 검출 각도·ScoreMax·박스와 Tact가 안정되는 최소값을 대표 OK/NG에서 찾고 고정하세요.	Across representative OK/NG samples, find and freeze the smallest K that stabilizes detected angle, ScoreMax, box, and Tact.
VisionTool.ParameterGuide.Matching.UsePyramidPositionProposal.Summary	작은 이미지에서 위치 후보를 먼저 찾고 원래 작업 해상도에서 후보 주변을 검증하는 선택적 속도 옵션입니다. 후보가 없거나 검증에 실패하면 기존 전체 검색으로 되돌아갑니다.	An opt-in speed option that proposes locations on a smaller image and verifies their neighborhoods at the original working resolution. It falls back to the existing full search when no proposal survives or verification fails.
VisionTool.ParameterGuide.Matching.UsePyramidPositionProposal.Impact	각도 탐색이 꺼진 경우에만 실행 경로가 사용됩니다. 특히 여러 Scale 후보의 전체 위치 탐색을 줄일 수 있지만, 각도 탐색이 켜져 있으면 설정을 유지한 채 전체 검색으로 fallback합니다.	The proposal path runs only when angle search is off. It can reduce full-position searches across multiple scale candidates, but with angle search on the setting is retained while execution falls back to full search.
VisionTool.ParameterGuide.Matching.UsePyramidPositionProposal.BestWhen	각도 변동이 없고 Scale search 또는 큰 검색 ROI 때문에 위치 탐색이 느리며, 작은 영상에서도 대상 위치가 구별될 때 사용하세요.	Use when rotation does not vary, scale search or a large search ROI makes position search slow, and the target location remains distinctive in the smaller image.
VisionTool.ParameterGuide.Matching.UsePyramidPositionProposal.Risk	축소 영상에서 작은 특징이나 유일성이 사라지면 후보가 약해져 전체 검색으로 돌아가 속도 이점이 없거나, 잘못된 후보 검증에 시간이 들 수 있습니다.	If downsampling removes small features or uniqueness, proposals may be too weak and fall back with no speed gain, or time may be spent verifying wrong candidates.
VisionTool.ParameterGuide.Matching.UsePyramidPositionProposal.Check	동일 샘플에서 Pyramid 표시 상태, 검출 Scale·박스·ScoreMax·ResultCount와 Tact를 전체 검색 기준과 비교하세요.	On the same samples, compare Pyramid status, detected scale, box, ScoreMax, ResultCount, and Tact against the full-search baseline.
VisionTool.ParameterGuide.Matching.PyramidPositionTopN.Summary	각 Scale마다 축소 영상에서 뽑아 원본 해상도 검증으로 넘길 위치 후보의 최대 개수입니다.	The maximum number of positions proposed from the reduced image per scale and sent to original-resolution verification.
VisionTool.ParameterGuide.Matching.PyramidPositionTopN.Impact	늘리면 진짜 위치를 포함할 가능성이 높아지지만 원본 검증 수와 시간이 늘어납니다. 줄이면 빠르지만 반복 무늬나 약한 대상에서 진짜 위치를 제외할 수 있습니다.	Increasing it raises the chance of including the true location but adds original-resolution verification work and time. Reducing it is faster but can exclude the true location with repeated texture or a weak target.
VisionTool.ParameterGuide.Matching.PyramidPositionTopN.BestWhen	축소 영상에서 경쟁 위치가 여러 개일 때, 전체 검색과 같은 물리 위치를 유지하는 최소 후보 수를 대표 샘플로 찾으세요.	When the reduced image has several competing locations, use representative samples to find the smallest candidate count that preserves the same physical location as full search.
VisionTool.ParameterGuide.Matching.PyramidPositionTopN.Risk	0 이하면 proposal 경로가 비활성화되어 전체 검색으로 동작합니다. 지나치게 크면 속도 이점이 줄고 유사 위치 검증이 늘어납니다.	At zero or below, the proposal path is disabled and execution uses full search. An excessive value reduces the speed benefit and verifies more similar locations.
VisionTool.ParameterGuide.Matching.PyramidPositionTopN.Check	후보 수별 검출 위치·Scale·ScoreMax·Tact를 비교하고 대표 NG에서 경쟁 위치가 결과로 승격되지 않는지 확인하세요.	Compare location, scale, ScoreMax, and Tact across candidate counts, and verify competing locations are not promoted on representative NG samples.
VisionTool.ParameterGuide.Matching.PyramidPositionMinScore.Summary	축소 영상의 위치 후보를 원본 검증으로 넘기기 위한 0..1 최소 품질 점수입니다. 최종 매칭 SCORE_MIN과 별도의 1차 제안 문턱입니다.	The 0..1 minimum quality score required to send a reduced-image position proposal to original-resolution verification. It is a first-pass proposal gate separate from the final matching SCORE_MIN.
VisionTool.ParameterGuide.Matching.PyramidPositionMinScore.Impact	높이면 약한 위치 제안이 줄지만 진짜 대상도 후보에서 빠져 전체 검색 fallback이 늘 수 있습니다. 낮추면 더 많은 위치를 검증해 안정 여지는 늘지만 시간이 증가할 수 있습니다.	Raising it removes weak proposals but may also omit the true target and increase full-search fallbacks. Lowering sends more positions to verification, adding safety margin but potentially increasing time.
VisionTool.ParameterGuide.Matching.PyramidPositionMinScore.BestWhen	축소 영상의 진짜 위치 점수와 반복 무늬·배경 위치 점수가 대표 샘플에서 분리될 때 그 사이 값으로 고정하세요.	Freeze it between the true-location and repeated-pattern/background proposal score distributions observed on representative samples.
VisionTool.ParameterGuide.Matching.PyramidPositionMinScore.Risk	범위 밖 값은 런타임에서 0..1로 제한됩니다. 너무 높으면 proposal이 사라져 전체 검색으로 돌아가고, 너무 낮으면 약한 후보 검증이 늘어 속도가 나빠질 수 있습니다.	Runtime clamps out-of-range values to 0..1. Too high can remove all proposals and fall back to full search; too low can verify many weak candidates and reduce performance.
VisionTool.ParameterGuide.Matching.PyramidPositionMinScore.Check	최종 ScoreMax와 혼동하지 말고 proposal 사용/fallback 여부, 최종 물리 위치, ResultCount와 Tact를 함께 비교하세요.	Do not confuse it with final ScoreMax; compare proposal use/fallback, final physical location, ResultCount, and Tact together.
VisionTool.ParameterGuide.Matching.UseWhitePadding.Summary	회전 템플릿의 바깥 픽셀을 상수 흰색 255로 채울지 결정합니다. 끄면 검은색이 아니라 템플릿 가장자리를 반사한 Border Reflect를 사용합니다.	Controls whether pixels outside a rotated template are filled with constant white 255. Off uses reflected template borders, not black padding.
VisionTool.ParameterGuide.Matching.UseWhitePadding.Impact	흰 배경 대상에서는 회전 모서리의 인공 경계를 줄일 수 있지만 어두운 배경에서는 큰 흰 삼각형이 점수에 영향을 줄 수 있습니다. Reflect는 가장자리 무늬를 복제해 다른 인공 패턴을 만들 수 있습니다.	On a white-background target, white padding can reduce artificial rotation corners, but on a dark background large white triangles can affect the score. Reflect can duplicate edge texture and create a different artificial pattern.
VisionTool.ParameterGuide.Matching.UseWhitePadding.BestWhen	실제 대상 주변 배경이 흰색에 가깝고 회전 템플릿 모서리 영향이 반복 검출 위치나 점수에 나타날 때 비교 검증하세요.	Compare it when the real background around the target is close to white and rotated-template corners visibly affect repeated detection position or score.
VisionTool.ParameterGuide.Matching.UseWhitePadding.Risk	배경과 반대되는 패딩은 대상보다 모서리 대비를 더 강하게 만들어 점수·각도·위치를 왜곡할 수 있습니다. 한 장의 점수만 보고 선택하지 마세요.	Padding opposite to the real background can make corner contrast stronger than the target and distort score, angle, or position. Do not choose from one image score.
VisionTool.ParameterGuide.Matching.UseWhitePadding.Check	같은 회전 OK/NG에서 흰색과 Reflect를 각각 실행해 박스·각도·ScoreMax·ResultCount를 비교하고 모서리 쪽 오검출을 확대 확인하세요.	Run both white and Reflect on the same rotated OK/NG samples; compare box, angle, ScoreMax, and ResultCount, then zoom in on corner false matches.
VisionTool.ParameterGuide.EdgeMatching.ScoreMin.Summary	엣지 방향 점수를 결과로 인정할 최소값입니다.	The minimum edge-direction score required to accept a result.
VisionTool.ParameterGuide.EdgeMatching.ScoreMin.Impact	높이면 약하거나 형상이 다른 후보를 줄이지만 노이즈·가림이 있는 실제 대상도 놓칠 수 있습니다.	Raising rejects weak or shape-different candidates but can miss real targets with noise or occlusion.
VisionTool.ParameterGuide.EdgeMatching.ScoreMin.Check	엣지 박스와 중심, 실제 물리 특징, ScoreMax와 고유 매칭 상태를 함께 확인하세요.	Check the edge box and center, physical feature, ScoreMax, and unique-match state together.
VisionTool.ParameterGuide.EdgeMatching.UseUnique.Summary	공간적으로 구분되는 후보가 하나뿐일 때만 결과를 반환하도록 요구합니다.	Requires exactly one spatially distinct plausible candidate before returning a result.
VisionTool.ParameterGuide.EdgeMatching.UseUnique.Impact	켜면 점수가 비슷한 경쟁 후보를 Ambiguous로 거부하지만 올바른 물리 특징 자체를 보장하지는 않습니다.	Enabling rejects near-tied competitors as Ambiguous, but does not prove the physical feature itself is correct.
VisionTool.ParameterGuide.EdgeMatching.UseUnique.Check	UniqueMatch.State, 경쟁 후보 수, ScoreMargin과 모든 후보 드로잉을 확인하세요.	Check UniqueMatch.State, plausible-alternative count, ScoreMargin, and candidate drawings.
VisionTool.ParameterGuide.EdgeMatching.UniqueMargin.Summary	선택 후보와 가장 강한 공간 분리 경쟁 후보 사이에 요구할 최소 정규화 점수 차이입니다.	The minimum normalized score gap required between the selected candidate and strongest spatially distinct competitor.
VisionTool.ParameterGuide.EdgeMatching.UniqueMargin.Impact	높이면 더 많은 근접 후보를 Ambiguous로 거부합니다. 낮추면 통과가 쉬워지지만 반복 형상 오선택 위험이 커집니다.	Raising rejects more near-ties as Ambiguous. Lowering passes more cases but increases repeated-shape selection risk.
VisionTool.ParameterGuide.EdgeMatching.UniqueMargin.Check	고유 상태와 실제 경쟁 후보 위치를 확인하세요. 점수 차이만으로 물리적 동일성을 판단하지 마세요.	Check unique state and actual competitor locations. Do not infer physical identity from the score gap alone.
VisionTool.ParameterGuide.EdgeMatching.CannyRange.Summary	템플릿 엣지 모델과 입력 그래디언트에 사용할 Canny Low/High 범위입니다.	The Canny Low/High range used to build the template edge model and source gradients.
VisionTool.ParameterGuide.EdgeMatching.CannyRange.Impact	올리면 약한 노이즈를 줄이지만 템플릿 윤곽이 끊길 수 있습니다. 내리면 약한 형상을 유지하지만 잡음 엣지가 늘 수 있습니다.	Raising reduces weak noise but can break the template outline. Lowering retains weak shape detail but can add noisy edges.
VisionTool.ParameterGuide.EdgeMatching.CannyRange.Check	템플릿 윤곽의 연속성, 입력 엣지 박스와 중심, 최종 점수와 경쟁 후보를 확인하세요.	Check template-outline continuity, source edge box and center, final score, and competing candidates.
VisionTool.ParameterGuide.EdgeMatching.SearchStep.Summary	검색 이미지에서 엣지 모델 후보 위치를 평가하는 픽셀 간격입니다.	The pixel interval used to evaluate edge-model candidate positions in the search image.
VisionTool.ParameterGuide.EdgeMatching.SearchStep.Impact	작게 하면 더 촘촘하지만 느립니다. 크게 하면 빠르지만 위치 사이의 최적 후보를 건너뛸 수 있습니다.	A smaller step searches more densely but is slower. A larger step is faster but can skip the best position between samples.
VisionTool.ParameterGuide.EdgeMatching.SearchStep.Check	검출 중심 오차, ScoreMax, 위치 보정 상태와 처리 시간을 함께 비교하세요.	Compare center error, ScoreMax, position-refinement state, and runtime.
VisionTool.ParameterGuide.EdgeMatching.Pattern.Summary	엣지 방향 모델을 만들 등록 템플릿 이미지 경로입니다. 회전 ROI로 티칭한 템플릿은 0° 정방향 이미지로 저장됩니다.	The registered template image path used to build the directed-edge model. A template taught from a rotated ROI is saved upright at 0 degrees.
VisionTool.ParameterGuide.EdgeMatching.Pattern.Impact	템플릿 크롭이 매칭할 물리 특징과 모델 엣지를 결정합니다. 작고 고유한 안정 특징은 경쟁 후보를 줄이고, 반복 무늬·배경·잘린 특징은 오선택과 NoMatch를 늘립니다.	The crop defines both the physical feature and model edges. A compact, distinctive, stable feature reduces competitors; repetition, background, or clipping increases wrong selections and NoMatch.
VisionTool.ParameterGuide.EdgeMatching.Pattern.BestWhen	대표 이미지 전체에서 같은 물리 부품에 남는 비반복 윤곽을 고르고, 대상 밖 배경과 변하는 표면은 최소화하세요.	Choose a non-repeating outline that remains on the same physical part across representative images, with minimal changing surface or outside background.
VisionTool.ParameterGuide.EdgeMatching.Pattern.Risk	파일 이동은 Recipe 이식성을 깨뜨립니다. 높은 점수나 고유 점수 차이만으로 올바른 물리 특징을 찾았다고 판단할 수 없습니다.	Moving the file breaks Recipe portability. A high score or unique score margin alone does not prove that the correct physical feature was found.
VisionTool.ParameterGuide.EdgeMatching.Pattern.Check	템플릿 준비 상태, 모델 윤곽, 선택 중심·각도·배율, 가장 강한 경쟁 후보와 Good/Bad·N장 재현성을 확인하세요.	Check template readiness, model outline, selected center, angle, scale, strongest competitor, and Good/Bad plus N-sample repeatability.
VisionTool.ParameterGuide.EdgeMatching.PolarityReversal.Summary	한 후보의 모든 엣지 방향을 원본 그대로 또는 전체 반전 중 하나로만 비교하는 선택 옵션입니다.	An opt-in mode that compares each candidate with either all taught edge directions unchanged or all directions globally reversed.
VisionTool.ParameterGuide.EdgeMatching.PolarityReversal.Impact	켜면 전체 명암 반전 대상은 Reversed로 통과할 수 있지만 엣지별 극성을 독립적으로 무시하지 않습니다. 끄면 기존 Same-only 계약입니다.	On allows a globally contrast-reversed target to pass as Reversed, but never ignores polarity independently per edge. Off preserves the legacy Same-only contract.
VisionTool.ParameterGuide.EdgeMatching.PolarityReversal.Risk	국부 반전, 반사광, 다른 형상을 허용하는 범용 극성 무시 기능이 아닙니다. Same/Reversed 성공도 물리 특징 동일성을 보장하지 않습니다.	This is not a general polarity-ignore mode for local reversals, glare, or different shapes. Same or Reversed success still does not prove physical identity.
VisionTool.ParameterGuide.EdgeMatching.PolarityReversal.Check	결과의 Same/Reversed 상태, 선택 윤곽과 중심, 점수·고유성 게이트, 정상/전체 반전/국부 반전 샘플을 함께 확인하세요.	Check Same/Reversed state, selected outline and center, score and uniqueness gates, and normal, globally reversed, and locally reversed samples.
VisionTool.ParameterGuide.EdgeMatching.DrawResult.Summary	Library-Noah 결과 비트맵 생성의 제한적 표시 옵션입니다. 검출 점수·후보 선택·판정은 바꾸지 않습니다.	A limited display option for Library-Noah result-bitmap generation. It does not change scoring, candidate selection, or acceptance.
VisionTool.ParameterGuide.EdgeMatching.DrawResult.Impact	성공 후보가 있으면 꺼져 있어도 런타임과 현재 WPF가 매칭 증거를 유지합니다. 차이는 주로 후보가 없는 실행에서 결과 비트맵을 미리 만들지 여부입니다.	When a candidate succeeds, runtime and current WPF retain matching evidence even when Off. The practical difference is mainly whether a result bitmap is prepared for runs with no candidate.
VisionTool.ParameterGuide.EdgeMatching.DrawResult.Risk	성공 윤곽을 숨기는 성능 스위치로 사용하면 안 됩니다. 현재 WPF/Pipeline Review의 필수 증거 오버레이 계약과 별개입니다.	Do not treat this as a switch for hiding successful outlines. It is separate from the mandatory evidence-overlay contract in current WPF and Pipeline Review.
VisionTool.ParameterGuide.EdgeMatching.DrawResult.Check	동일 입력의 Success와 NoMatch에서 결과 이미지 유무, 매칭 윤곽·중심·진단 유지 여부와 실행 시간을 확인하세요.	On identical Success and NoMatch inputs, check result-image availability, retained outline, center and diagnostics, and runtime.
VisionTool.ParameterGuide.EdgeMatching.AutoMPointUseRoi.Summary	명시적 Analyze candidates가 패턴 후보를 찾을 영역을 검토된 ROI로 제한합니다. 검사 Preview/Run에는 적용되지 않습니다.	Restricts explicit Analyze candidates to a reviewed ROI. It does not apply to inspection Preview or Run.
VisionTool.ParameterGuide.EdgeMatching.AutoMPointUseRoi.Impact	켜면 ROI 밖 반복 형상과 계산량을 줄일 수 있고, 끄면 전체 이미지에서 후보를 제안합니다. 변경은 기존 분석 결과를 오래된 상태로 만듭니다.	On can reduce outside repetition and analysis work; Off proposes candidates from the full image. Changing it makes prior analysis stale.
VisionTool.ParameterGuide.EdgeMatching.AutoMPointUseRoi.Risk	ROI가 너무 좁으면 지속 가능한 특징을 제외합니다. 분석이나 설정 변경만으로 템플릿 저장, Recipe 변경, Preview/Run은 일어나지 않습니다.	An ROI that is too narrow excludes durable features. Analysis or setting changes alone never save a template, alter the Recipe, or trigger Preview/Run.
VisionTool.ParameterGuide.EdgeMatching.AutoMPointUseRoi.Check	Analyze candidates 후 Suggested 후보가 ROI 안에 있고 같은 물리 특징인지 확인한 뒤 필요한 경우에만 Use this pattern을 명시적으로 누르세요.	After Analyze candidates, verify Suggested candidates lie inside the ROI and represent the same physical feature, then explicitly choose Use this pattern only if appropriate.
VisionTool.ParameterGuide.EdgeMatching.AutoMPointRoi.Summary	Auto MPoint가 고정 크기 후보 창을 배치할 소스 이미지 영역입니다. Use analysis ROI가 켜진 명시적 분석에서만 적용됩니다.	The source-image region where Auto MPoint places fixed-size candidate windows. It applies only to explicit analysis with Use analysis ROI enabled.
VisionTool.ParameterGuide.EdgeMatching.AutoMPointRoi.Impact	작게 하면 분석이 빨라지고 불필요한 반복 후보가 줄지만, 위치 변동이나 유효 특징을 잘라낼 수 있습니다.	A smaller ROI speeds analysis and removes irrelevant repeated candidates, but can crop position variation or valid features.
VisionTool.ParameterGuide.EdgeMatching.AutoMPointRoi.Risk	검사 Search ROI가 아니며 Recipe 실행 범위를 바꾸지 않습니다. 비어 있거나 이미지 밖이거나 패턴 창보다 작으면 분석이 실패할 수 있습니다.	This is not the inspection Search ROI and does not alter Recipe execution. Empty, out-of-image, or smaller-than-window regions can fail analysis.
VisionTool.ParameterGuide.EdgeMatching.AutoMPointRoi.Check	ROI 경계, 후보 창 전체 포함, 대표 이미지의 위치 변동과 Suggested 후보 드로잉을 확인하세요.	Check ROI bounds, full containment of candidate windows, representative-image position variation, and Suggested candidate drawings.
VisionTool.ParameterGuide.EdgeMatching.AutoMPointPatternWidth.Summary	Auto MPoint가 평가하는 각 후보 템플릿 창의 픽셀 폭입니다.	The pixel width of each template candidate window evaluated by Auto MPoint.
VisionTool.ParameterGuide.EdgeMatching.AutoMPointPatternWidth.Impact	넓히면 문맥과 엣지가 늘지만 배경·반복 부분·처리 시간이 늘고, 줄이면 국부 특징에 집중하지만 고유성이 약해질 수 있습니다.	Wider windows add context and edges but also background, repeated content, and runtime; narrower windows focus locally but can weaken uniqueness.
VisionTool.ParameterGuide.EdgeMatching.AutoMPointPatternWidth.Risk	검사 대상 크기를 자동 추론하지 않습니다. 적용 후 패턴 폭이 실제 대상과 검색 여유에 적합한지 대표 이미지로 검증해야 합니다.	It does not infer object size automatically. After apply, verify the width against the real target and search tolerance on representative images.
VisionTool.ParameterGuide.EdgeMatching.AutoMPointPatternWidth.Check	Suggested 창이 지속 특징은 포함하고 변하는 배경은 제외하는지, 높이·Stride와 함께 후보 수와 실행 시간을 확인하세요.	Check that Suggested windows contain durable features but exclude changing background, and review candidate count and runtime with height and stride.
VisionTool.ParameterGuide.EdgeMatching.AutoMPointPatternHeight.Summary	Auto MPoint가 평가하는 각 후보 템플릿 창의 픽셀 높이입니다.	The pixel height of each template candidate window evaluated by Auto MPoint.
VisionTool.ParameterGuide.EdgeMatching.AutoMPointPatternHeight.Impact	높이면 수직 문맥과 엣지가 늘지만 배경·처리 시간이 늘고, 낮추면 국부 특징에 집중하지만 잘리거나 반복될 수 있습니다.	Taller windows add vertical context and edges but also background and runtime; shorter windows focus locally but can clip or repeat.
VisionTool.ParameterGuide.EdgeMatching.AutoMPointPatternHeight.Risk	창 크기만으로 내구성 있는 물리 특징이 보장되지 않습니다. 조명·오염·가림 변동을 포함한 대표 이미지가 필요합니다.	Window size alone does not prove a durable physical feature. Representative images must cover lighting, contamination, and occlusion variation.
VisionTool.ParameterGuide.EdgeMatching.AutoMPointPatternHeight.Check	Suggested 창의 상하 경계, 특징 연속성, 폭·Stride와 함께 후보 중복과 대표 이미지 재현성을 확인하세요.	Check top and bottom bounds, feature continuity, candidate duplication with width and stride, and representative-image repeatability.
VisionTool.ParameterGuide.EdgeMatching.AutoMPointStride.Summary	Auto MPoint 후보 창 시작점 사이의 픽셀 격자 간격입니다.	The pixel grid interval between Auto MPoint candidate-window origins.
VisionTool.ParameterGuide.EdgeMatching.AutoMPointStride.Impact	작게 하면 더 많은 겹친 위치를 평가해 좋은 크롭을 찾을 가능성이 늘지만 느리고, 크게 하면 빠르지만 위치 사이 후보를 건너뜁니다.	Smaller values evaluate more overlapping locations and can find a better crop but take longer; larger values are faster but can skip candidates between grid points.
VisionTool.ParameterGuide.EdgeMatching.AutoMPointStride.Risk	작은 Stride의 높은 순위가 물리적 내구성을 뜻하지 않습니다. 순위는 항상 Suggested이며 Qualified가 아닙니다.	A high rank from a small stride does not imply physical durability. Rankings are always Suggested, never Qualified.
VisionTool.ParameterGuide.EdgeMatching.AutoMPointStride.Check	후보 수·중복률·분석 시간과 최종 Suggested 창 위치를 비교하고, 같은 특징이 대표 이미지에서 유지되는지 확인하세요.	Compare candidate count, overlap, analysis time, and final Suggested-window locations, then verify the same feature persists across representative images.
VisionTool.ParameterGuide.EdgeMatching.AutoMPointMaxResults.Summary	내부 게이트를 통과한 후보 중 운영자가 검토할 Suggested 행의 최대 수입니다.	The maximum number of internally accepted candidates exposed as Suggested rows for operator review.
VisionTool.ParameterGuide.EdgeMatching.AutoMPointMaxResults.Impact	늘리면 대안을 더 볼 수 있지만 검토 부담이 커집니다. 줄이면 목록은 짧아지지만 유효한 대안을 숨길 수 있습니다.	Raising exposes more alternatives but increases review load. Lowering shortens the list but can hide a useful alternative.
VisionTool.ParameterGuide.EdgeMatching.AutoMPointMaxResults.Risk	목록 첫 항목도 자동 선택하거나 자동 저장하지 않으며, 최대 개수는 합격 보장이 아닙니다.	The first row is neither auto-selected nor auto-saved, and the maximum count is not a qualification guarantee.
VisionTool.ParameterGuide.EdgeMatching.AutoMPointMaxResults.Check	모든 Suggested 드로잉의 물리 특징과 경쟁 위치를 비교한 뒤 한 후보만 명시적으로 Use this pattern으로 적용하세요.	Compare physical features and competing locations in every Suggested drawing, then explicitly apply only one candidate with Use this pattern.
VisionTool.ParameterGuide.EdgeMatching.AutoMPointFeatureQuality.Summary	정확 매칭 검사 전에 대비·엣지 분포·방향 균형으로 후보 창을 선별하는 0..1 최소 품질입니다.	The 0..1 minimum quality used to screen candidate windows by contrast, edge distribution, and directional balance before exact matching checks.
VisionTool.ParameterGuide.EdgeMatching.AutoMPointFeatureQuality.Impact	높이면 약하거나 한 방향뿐인 창을 줄이지만 실제 저대비 특징도 제외하고, 낮추면 후보와 분석 비용이 늘어납니다.	Raising removes weak or one-directional windows but can exclude real low-contrast features; lowering increases candidates and analysis cost.
VisionTool.ParameterGuide.EdgeMatching.AutoMPointFeatureQuality.Risk	품질 점수는 대상 정체성이나 대표 이미지 성공률이 아닙니다. 반복 무늬도 높은 품질을 가질 수 있습니다.	Feature quality is not target identity or representative-image success rate. Repeated patterns can also score highly.
VisionTool.ParameterGuide.EdgeMatching.AutoMPointFeatureQuality.Check	탈락 이유, Suggested 창의 대비·엣지 분포와 Min uniqueness 및 대표 이미지 결과를 함께 확인하세요.	Check reject reasons, contrast and edge distribution in Suggested windows, Min uniqueness, and representative-image results together.
VisionTool.ParameterGuide.EdgeMatching.AutoMPointUniqueness.Summary	티칭 위치 점수와 가장 강한 다른 위치 점수 사이에 요구하는 최소 차이입니다.	The minimum score margin required between the taught location and the strongest alternative location.
VisionTool.ParameterGuide.EdgeMatching.AutoMPointUniqueness.Impact	높이면 반복 위치 후보를 더 엄격히 제외하고, 낮추면 더 많은 후보가 Suggested에 남지만 위치 모호성이 커집니다.	Raising rejects repeated-location candidates more strictly; lowering leaves more Suggested candidates but increases positional ambiguity.
VisionTool.ParameterGuide.EdgeMatching.AutoMPointUniqueness.Risk	훈련-time 후보 게이트이며 런타임 Unique match margin과 다른 값입니다. 점수 차이는 물리 특징 동일성을 보장하지 않습니다.	This is a training-time candidate gate distinct from the runtime unique-match margin. A score gap does not prove physical identity.
VisionTool.ParameterGuide.EdgeMatching.AutoMPointUniqueness.Check	강한 대안 위치 드로잉, 반복 구조, 대표 이미지 성공률을 확인하고 적용 후 런타임 고유 매칭도 별도로 검증하세요.	Check strongest-alternative drawings, repeated structures, and representative success, then separately validate runtime unique matching after apply.
VisionTool.ParameterGuide.EdgeMatching.AutoMPointPositionError.Summary	알려진 합성 이동 재생에서 Suggested 후보가 허용할 최대 위치 오차이며 단위는 픽셀입니다.	The maximum allowed localization error in pixels during known synthetic translation replays for a Suggested candidate.
VisionTool.ParameterGuide.EdgeMatching.AutoMPointPositionError.Impact	낮추면 위치 재현을 엄격히 요구하고, 높이면 흐림·양자화 오차를 허용하지만 부정확한 후보도 통과할 수 있습니다.	Lower values demand tighter localization; higher values tolerate blur or quantization but can admit inaccurate candidates.
VisionTool.ParameterGuide.EdgeMatching.AutoMPointPositionError.Risk	실제 생산 자세·조명·가림 오차를 대신하는 검증이 아닙니다. 합성 재생 성공만으로 현장 정밀도를 주장할 수 없습니다.	This does not replace real production pose, lighting, or occlusion validation. Synthetic replay success cannot establish field accuracy.
VisionTool.ParameterGuide.EdgeMatching.AutoMPointPositionError.Check	후보별 합성 재생 위치 오차와 드로잉을 확인하고, 적용 후 대표 이미지의 실제 중심 오차를 별도로 측정하세요.	Check per-candidate synthetic replay errors and drawings, then separately measure real center error on representative images after apply.
VisionTool.ParameterGuide.EdgeMatching.AutoMPointRepresentativeCount.Summary	교차 이미지 성능으로 후보를 평가할 때 필요한 추가 대표 이미지의 최소 개수입니다.	The minimum number of additional representative images required when candidates are evaluated by cross-image matching performance.
VisionTool.ParameterGuide.EdgeMatching.AutoMPointRepresentativeCount.Impact	높이면 근거 요구가 강해지지만 준비된 이미지 수가 부족하면 후보가 실패합니다. 낮추면 검토는 쉽지만 변동 범위 근거가 약합니다.	Raising strengthens the evidence requirement but fails candidates when too few images are supplied. Lowering eases review but weakens variation evidence.
VisionTool.ParameterGuide.EdgeMatching.AutoMPointRepresentativeCount.Risk	이미지가 없거나 크기가 다르거나 최소 수보다 적으면 교차 이미지 게이트는 fail closed입니다. 같은 장면 복제는 독립 근거가 아닙니다.	Missing, size-mismatched, or undersized sets fail the cross-image gate closed. Duplicates of one scene are not independent evidence.
VisionTool.ParameterGuide.EdgeMatching.AutoMPointRepresentativeCount.Check	선택 이미지 수·크기·중복, 공정 변동 범위와 각 후보의 성공/실패 행을 확인하세요.	Check selected-image count, dimensions, duplicates, process-variation coverage, and each candidate's success or failure rows.
VisionTool.ParameterGuide.EdgeMatching.AutoMPointRepresentativeRate.Summary	선택된 대표 이미지에서 후보가 매칭에 성공해야 하는 최소 0..1 비율입니다.	The minimum 0..1 fraction of selected representative images on which a candidate must match successfully.
VisionTool.ParameterGuide.EdgeMatching.AutoMPointRepresentativeRate.Impact	높이면 변동에 약한 후보를 더 많이 제외하고, 낮추면 일부 실패 후보가 Suggested에 남습니다.	Raising excludes more variation-sensitive candidates; lowering leaves candidates that fail on some representative images.
VisionTool.ParameterGuide.EdgeMatching.AutoMPointRepresentativeRate.Risk	성공률은 선택 이미지와 현재 matcher 설정에 종속됩니다. 올바른 물리 위치, NG 거부, 현장 강건성을 자동 보장하지 않습니다.	The rate depends on selected images and current matcher settings. It does not automatically prove physical location, NG rejection, or field robustness.
VisionTool.ParameterGuide.EdgeMatching.AutoMPointRepresentativeRate.Check	분모 이미지 수, 실패 이미지와 위치, 점수·경쟁 후보를 보고 적용 후 별도 Good/Bad N장 런타임 검증을 수행하세요.	Review denominator count, failed images and positions, scores and competitors, then run separate Good/Bad N-sample runtime validation after apply.
VisionTool.ParameterGuide.EdgeMatching.CannyAperture.Summary	템플릿 Canny 모델 생성에 사용하는 Sobel 커널 크기입니다. 런타임은 입력값을 3, 5, 7 중 하나로 정규화합니다.	The Sobel aperture used when building the template Canny model. Runtime normalizes the input to one of 3, 5, or 7.
VisionTool.ParameterGuide.EdgeMatching.CannyAperture.Impact	큰 커널은 노이즈를 넓게 평활화하지만 가는 엣지와 위치를 흐릴 수 있습니다. 3은 가장 국부적이고 빠른 시작값입니다.	A larger aperture smooths noise over a wider area but can blur thin edges and position. Three is the most local and fastest starting value.
VisionTool.ParameterGuide.EdgeMatching.CannyAperture.Risk	4나 6 같은 값도 그대로 사용되지 않습니다. 정규화된 실제 모델과 점 수가 바뀌므로 Recipe 호환만 보고 추정하지 마세요.	Values such as 4 or 6 are not used literally. Because normalization changes the actual model and point count, do not infer behavior from Recipe text alone.
VisionTool.ParameterGuide.EdgeMatching.CannyAperture.Check	템플릿 모델 윤곽·점 수, 가는 특징 보존, ScoreMax·경쟁 후보와 처리 시간을 3/5/7로 비교하세요.	Compare model outline and point count, thin-feature retention, ScoreMax, competitors, and runtime at 3, 5, and 7.
VisionTool.ParameterGuide.EdgeMatching.UseL2Gradient.Summary	Canny 기울기 크기를 더 정확한 L2 방식으로 계산할지 선택합니다.	Selects the more precise L2 calculation for Canny gradient magnitude.
VisionTool.ParameterGuide.EdgeMatching.UseL2Gradient.Impact	켜면 제곱합 제곱근을 사용해 방향성 모델이 더 안정적일 수 있고, 끄면 근사 크기를 사용해 경계 포함 여부가 달라질 수 있습니다.	On uses the Euclidean gradient magnitude and can stabilize the directed model; Off uses an approximation and can change which edges enter the model.
VisionTool.ParameterGuide.EdgeMatching.UseL2Gradient.Risk	점수 합격 옵션이 아니라 모델 생성 방식입니다. 바꾸면 동일 임계값에서도 템플릿 점과 후보 점수가 바뀔 수 있습니다.	This is a model-construction choice, not an acceptance option. Changing it can alter template points and candidate scores at the same thresholds.
VisionTool.ParameterGuide.EdgeMatching.UseL2Gradient.Check	모델 윤곽·점 수, 약한 엣지 포함, Good/Bad 점수 분리와 실행 시간을 같은 Canny 범위에서 비교하세요.	At the same Canny range, compare model outline and point count, weak-edge inclusion, Good/Bad score separation, and runtime.
VisionTool.ParameterGuide.EdgeMatching.ContourRetrieval.Summary	Canny 템플릿 엣지에서 모델 점을 수집할 윤곽 계층 방식을 선택합니다.	Selects the contour hierarchy mode used to collect model points from the template Canny edges.
VisionTool.ParameterGuide.EdgeMatching.ContourRetrieval.Impact	External은 바깥 윤곽 위주이며 List/Tree 계열은 내부·중첩 윤곽을 더 포함해 모델 점, 형상 구분력과 처리 시간을 바꿉니다.	External favors outer contours; List or Tree variants include more inner or nested contours, changing model points, shape discrimination, and runtime.
VisionTool.ParameterGuide.EdgeMatching.ContourRetrieval.Risk	내부 엣지가 조명·인쇄·표면 변화에 불안정하면 더 많은 윤곽이 오히려 재현성을 낮춥니다.	When inner edges vary with lighting, print, or surface condition, collecting more contours can reduce repeatability.
VisionTool.ParameterGuide.EdgeMatching.ContourRetrieval.Check	모델 윤곽에 의도한 외부/내부 경계만 포함되는지, 점 수·ScoreMax·경쟁 후보와 대표 이미지 재현성을 확인하세요.	Check that the model contains only intended outer and inner boundaries, then review point count, ScoreMax, competitors, and representative-image repeatability.
VisionTool.ParameterGuide.EdgeMatching.ContourApproximation.Summary	FindContours가 템플릿 윤곽 점을 보존하거나 단순화하는 방식을 선택합니다.	Selects how FindContours preserves or simplifies template contour points.
VisionTool.ParameterGuide.EdgeMatching.ContourApproximation.Impact	ApproxNone은 세부 점을 보존하고, 단순화 모드는 직선 구간 점을 줄여 속도를 높일 수 있지만 작은 형상 구분력을 잃을 수 있습니다.	ApproxNone preserves detailed points; simplified modes can reduce points on straight runs and improve speed but lose small discriminating shape.
VisionTool.ParameterGuide.EdgeMatching.ContourApproximation.Risk	최종 점은 Max template points로 다시 제한됩니다. 단순화와 점 제한을 동시에 바꾸면 원인을 구분하기 어렵습니다.	Final points are capped again by Max template points. Changing simplification and the point cap together makes causes difficult to isolate.
VisionTool.ParameterGuide.EdgeMatching.ContourApproximation.Check	모델 점 수·윤곽 모서리, 작은 식별 특징, 점수 분리와 처리 시간을 다른 값 하나만 바꿔 비교하세요.	Change only this value and compare model point count, contour corners, small identifying features, score separation, and runtime.
VisionTool.ParameterGuide.EdgeMatching.MaxTemplatePoints.Summary	엣지 점 수집 후 실제 후보 점수 계산에 남길 템플릿 점의 최대 개수입니다.	The maximum number of template points retained for actual candidate scoring after edge collection.
VisionTool.ParameterGuide.EdgeMatching.MaxTemplatePoints.Impact	늘리면 형상 세부를 더 반영하지만 후보마다 계산량이 늘고, 줄이면 빨라지지만 고유 특징이 표본에서 빠질 수 있습니다.	Raising preserves more shape detail but increases work per candidate; lowering is faster but can omit distinctive features from the sample.
VisionTool.ParameterGuide.EdgeMatching.MaxTemplatePoints.Risk	원본 점보다 큰 값은 효과가 없고 너무 작은 값은 높은 점수의 오선택을 만들 수 있습니다. 물리 특징 보장은 아닙니다.	A value above the raw point count has no effect; too small can create high-scoring wrong selections. It does not establish physical identity.
VisionTool.ParameterGuide.EdgeMatching.MaxTemplatePoints.Check	Raw/used 모델 점 수, 모델 윤곽, 올바른 위치와 가장 강한 경쟁 후보 점수, 처리 시간을 확인하세요.	Check raw and used model-point counts, model outline, correct location versus strongest competitor scores, and runtime.
VisionTool.ParameterGuide.EdgeMatching.MinGradient.Summary	템플릿 모델과 입력 점수 계산에서 이 값 이하의 약한 그래디언트를 제외하는 최소 크기입니다.	The minimum magnitude used to exclude weak gradients at or below this value from both template modeling and source scoring.
VisionTool.ParameterGuide.EdgeMatching.MinGradient.Impact	높이면 약한 노이즈 반응을 줄이지만 저대비 특징 점을 잃고, 낮추면 더 많은 약한 엣지가 점수에 참여합니다.	Raising removes weak noise response but loses low-contrast feature points; lowering lets more weak edges participate in scoring.
VisionTool.ParameterGuide.EdgeMatching.MinGradient.Risk	Canny 범위와 함께 모델 점 수를 바꾸므로 두 값을 동시에 조정하면 과적합 원인을 구분하기 어렵습니다.	It interacts with the Canny range and model-point count, so changing both together obscures overfitting causes.
VisionTool.ParameterGuide.EdgeMatching.MinGradient.Check	모델 윤곽·점 수, 저대비 Good 누락, 배경 경쟁 후보와 Good/Bad 점수 분리를 대표 이미지에서 확인하세요.	Check model outline and point count, missed low-contrast Good samples, background competitors, and Good/Bad score separation on representative images.
VisionTool.ParameterGuide.EdgeMatching.UseCoarseAngle.Summary	전체 각도 범위를 큰 간격으로 먼저 평가한 뒤 좋은 각도 주변만 fine Angle step으로 재검사합니다.	First evaluates the full angle range at a larger interval, then rechecks only promising angles with the fine Angle step.
VisionTool.ParameterGuide.EdgeMatching.UseCoarseAngle.Impact	넓은 각도 범위에서 시간을 줄일 수 있지만 Coarse step이 fine step보다 커야 실제로 사용되며, 거친 1차 탐색이 올바른 각도를 놓칠 수 있습니다.	It can reduce time on wide ranges, but is used only when Coarse step exceeds the fine step, and the coarse pass can miss the correct angle.
VisionTool.ParameterGuide.EdgeMatching.UseCoarseAngle.Risk	Angle search가 꺼져 있으면 비활성입니다. 빠른 결과 한 장만으로 검색 누락이 없다고 판단하지 마세요.	It is inactive when angle search is Off. One fast result does not prove the search cannot miss.
VisionTool.ParameterGuide.EdgeMatching.UseCoarseAngle.Check	Good/Bad·각도 극단 샘플에서 선택 각도·중심·ScoreMax, 누락과 총 처리 시간을 전체 fine 탐색과 비교하세요.	On Good/Bad and angle-extreme samples, compare selected angle, center, ScoreMax, misses, and total runtime against full fine search.
VisionTool.ParameterGuide.EdgeMatching.CoarseAngleStep.Summary	Coarse-to-fine 1차 탐색이 각도 범위를 샘플링하는 도 단위 간격입니다.	The degree interval used to sample the angle range during the first coarse-to-fine pass.
VisionTool.ParameterGuide.EdgeMatching.CoarseAngleStep.Impact	크면 1차 탐색은 빨라지지만 진짜 각도 근처가 Top K에 들지 않을 수 있고, 작으면 안전하지만 속도 이점이 줄어듭니다.	Larger values speed the first pass but can keep the true angle out of Top K; smaller values are safer but reduce the speed benefit.
VisionTool.ParameterGuide.EdgeMatching.CoarseAngleStep.Risk	0보다 커야 하며 fine Angle step보다 크지 않으면 런타임은 coarse-to-fine 경로를 사용하지 않습니다.	It must be positive; when it is not greater than the fine Angle step, runtime does not use the coarse-to-fine path.
VisionTool.ParameterGuide.EdgeMatching.CoarseAngleStep.Check	각도 범위 양 끝과 중간 샘플에서 coarse 후보, 최종 각도·점수·중심과 처리 시간을 확인하세요.	Check coarse candidates, final angle, score, center, and runtime on samples near both range ends and between coarse intervals.
VisionTool.ParameterGuide.EdgeMatching.CoarseAngleTopK.Summary	1차 coarse 각도 후보 중 fine Angle step으로 재검사할 최상위 각도 개수입니다.	The number of best coarse-angle candidates rechecked with the fine Angle step.
VisionTool.ParameterGuide.EdgeMatching.CoarseAngleTopK.Impact	늘리면 진짜 각도를 보존할 가능성이 높아지지만 시간이 늘고, 줄이면 빠르지만 반복 형상에서 잘못된 각도만 정밀화할 수 있습니다.	Raising increases the chance of preserving the true angle but costs time; lowering is faster but can refine only wrong angles on repeated shapes.
VisionTool.ParameterGuide.EdgeMatching.CoarseAngleTopK.Risk	활성 시 1 이상이어야 합니다. 높은 K도 템플릿의 물리 특징이 잘못되면 올바른 대상을 보장하지 않습니다.	It must be at least one when active. A high K still cannot rescue a template that represents the wrong physical feature.
VisionTool.ParameterGuide.EdgeMatching.CoarseAngleTopK.Check	Top K별 누락률·선택 각도·경쟁 후보·처리 시간을 동일 대표 이미지 세트에서 비교하세요.	Compare miss rate, selected angle, competing candidates, and runtime for different Top K values on the same representative set.
VisionTool.ParameterGuide.EdgeMatching.PositionRefine.Summary	거친 중심 검색 후 우수 후보 주변을 1픽셀 간격으로 다시 평가합니다.	Re-evaluates neighborhoods around strong coarse centers at a one-pixel interval.
VisionTool.ParameterGuide.EdgeMatching.PositionRefine.Impact	Search step이 2 이상일 때 중심과 점수를 개선할 수 있지만 계산이 늘며, 거친 검색이 진짜 후보를 놓치면 복구하지 못합니다.	It can improve center and score when Search step is two or more, at additional cost; it cannot recover a true candidate omitted by the coarse search.
VisionTool.ParameterGuide.EdgeMatching.PositionRefine.Risk	Subpixel refine와 다르게 실제 1픽셀 후보를 다시 점수화합니다. 큰 Search step을 안전하게 만드는 보장은 아닙니다.	Unlike Subpixel refine, this scores real one-pixel candidates again. It does not make an excessively large Search step safe.
VisionTool.ParameterGuide.EdgeMatching.PositionRefine.Check	같은 입력에서 중심·ScoreMax·선택 후보와 처리 시간을 비교하고 위치 극단·반복 형상 샘플의 누락을 확인하세요.	On identical inputs, compare center, ScoreMax, selected candidate, and runtime, then check misses on positional extremes and repeated shapes.
VisionTool.ParameterGuide.EdgeMatching.SubpixelRefine.Summary	최종 정수 중심 주변 3x3 점수 봉우리를 근사해 보고 중심을 subpixel로 보정합니다.	Fits the local 3x3 score peak around the final integer center to refine the reported center to subpixel precision.
VisionTool.ParameterGuide.EdgeMatching.SubpixelRefine.Impact	중심 좌표의 표시 안정성을 높일 수 있지만 후보 점수 임계값이나 정수 검색 범위를 바꾸지 않습니다.	It can improve reported-center stability but does not change the candidate score threshold or integer search coverage.
VisionTool.ParameterGuide.EdgeMatching.SubpixelRefine.Risk	실제 영상 해상도·캘리브레이션·인증 정밀도를 높이는 기능이 아닙니다. 평평하거나 비대칭 점수 봉우리에서는 의미가 약합니다.	It does not increase physical image resolution, calibration quality, or certified accuracy. Flat or asymmetric score peaks provide weak subpixel meaning.
VisionTool.ParameterGuide.EdgeMatching.SubpixelRefine.Check	정수/보정 중심 차이, 반복 실행 흔들림, 실제 기준점 오차와 후속 Affine/ROI 영향을 확인하세요.	Check integer-versus-refined center difference, repeat jitter, error to a real reference point, and downstream Affine or ROI impact.
VisionTool.ParameterGuide.EdgeMatching.Greediness.Summary	후보 점수 누적 중 합격 가능성이 낮은 후보를 조기에 중단하는 0..1 성능 파라미터입니다.	A 0..1 performance parameter controlling early abandonment of candidates unlikely to reach the score gate.
VisionTool.ParameterGuide.EdgeMatching.Greediness.Impact	높이면 더 일찍 중단해 빨라질 수 있지만 약하거나 일부 가려진 정답 후보를 버릴 위험이 커지고, 낮추면 더 많은 점을 평가합니다.	Higher values can stop earlier and run faster but risk dropping weak or partly occluded true candidates; lower values evaluate more points.
VisionTool.ParameterGuide.EdgeMatching.Greediness.Risk	런타임은 0..0.999로 제한해 사용합니다. 점수 의미를 바꾸는 합격 임계값이 아니며 한 장 속도만 보고 높이면 과적합됩니다.	Runtime clamps it to 0 through 0.999. It is not an acceptance threshold, and raising it from one-image timing overfits the search.
VisionTool.ParameterGuide.EdgeMatching.Greediness.Check	동일 Good/Bad·가림·저대비 세트에서 선택 위치, ScoreMax, 누락과 처리 시간을 비교하세요.	Compare selected position, ScoreMax, misses, and runtime on the same Good/Bad, occluded, and low-contrast set.
VisionTool.ParameterGuide.EdgeMatching.UsePyramid.Summary	1/2 배율 영상에서 위치 후보를 만든 뒤 원본 해상도로 검증하는 속도 옵션입니다.	A speed option that proposes positions on a half-scale image and verifies them at original resolution.
VisionTool.ParameterGuide.EdgeMatching.UsePyramid.Impact	큰 영상에서 빠를 수 있고 제안이 약하면 전체 검색으로 fallback합니다. Scale search가 켜져 있으면 이 경로를 사용하지 않습니다.	It can speed large images and falls back to full search when proposals are weak. This path is bypassed when scale search is enabled.
VisionTool.ParameterGuide.EdgeMatching.UsePyramid.Risk	작은·가는 특징은 1/2 배율에서 사라져 후보를 놓칠 수 있습니다. fallback이 있어도 모든 실제 변동에서 동일 결과를 보장하지 않습니다.	Small or thin features can disappear at half scale and omit proposals. Fallback does not guarantee identical results across all real variation.
VisionTool.ParameterGuide.EdgeMatching.UsePyramid.Check	Pyramid 사용/미사용의 선택 중심·각도·점수·경쟁 후보·fallback 상태와 처리 시간을 대표 이미지에서 비교하세요.	Across representative images, compare center, angle, score, competitors, fallback state, and runtime with pyramid On and Off.
VisionTool.ParameterGuide.EdgeMatching.PyramidTopN.Summary	1/2 배율 검색에서 원본 해상도 검증으로 전달할 위치 후보 개수입니다.	The number of half-scale position proposals passed to original-resolution verification.
VisionTool.ParameterGuide.EdgeMatching.PyramidTopN.Impact	늘리면 반복 형상에서 정답 후보 보존 가능성이 높아지지만 검증 시간이 늘고, 줄이면 빠르지만 후보 누락 위험이 커집니다.	Raising can preserve the true candidate among repeated shapes but increases verification time; lowering is faster but increases omission risk.
VisionTool.ParameterGuide.EdgeMatching.PyramidTopN.Risk	활성 시 1 이상이어야 합니다. 후보 수를 늘려도 잘못된 템플릿 정체성 문제는 해결하지 못합니다.	It must be at least one when active. More proposals cannot fix a template-identity problem.
VisionTool.ParameterGuide.EdgeMatching.PyramidTopN.Check	Top N별 최종 선택, 경쟁 후보·fallback 횟수, 누락과 처리 시간을 동일 세트에서 비교하세요.	Compare final selection, competitors, fallback count, misses, and runtime for different Top N values on the same set.
VisionTool.ParameterGuide.EdgeMatching.PyramidMinScore.Summary	원본 해상도 검증 후보가 이 엣지 점수 이상일 때 Pyramid 제안을 채택하고 전체 검색 fallback을 생략하는 기준입니다.	The edge-score threshold at original-resolution verification above which pyramid proposals are accepted without full-search fallback.
VisionTool.ParameterGuide.EdgeMatching.PyramidMinScore.Impact	낮추면 fallback이 줄어 빨라질 수 있지만 잘못된 제안을 채택할 위험이 커지고, 높이면 전체 검색이 더 자주 실행됩니다.	Lowering can reduce fallback and run faster but increases wrong-proposal risk; raising triggers full search more often.
VisionTool.ParameterGuide.EdgeMatching.PyramidMinScore.Risk	범위는 -1..1이며 최종 SCORE_MIN과 목적이 다릅니다. 낮은 제안 게이트가 최종 합격 점수를 대신하지 않습니다.	The range is -1 through 1 and its purpose differs from final SCORE_MIN. A low proposal gate does not replace final acceptance scoring.
VisionTool.ParameterGuide.EdgeMatching.PyramidMinScore.Check	제안 채택/fallback 상태, 최종 ScoreMax·위치, 틀린 고점수 후보와 전체 실행 시간을 확인하세요.	Check proposal acceptance or fallback state, final ScoreMax and position, wrong high-scoring candidates, and total runtime.
VisionTool.ParameterGuide.EdgeMatching.UseHybrid.Summary	상위 엣지 후보를 템플릿 영상 유사도로 다시 순위화하는 선택 검증 단계입니다.	An optional verification stage that re-ranks top edge candidates using template-image similarity.
VisionTool.ParameterGuide.EdgeMatching.UseHybrid.Impact	반복되거나 비슷한 엣지 형상 사이 선택을 바꿀 수 있지만 공개 ScoreMax는 호환성을 위해 엣지 점수로 유지됩니다.	It can change selection among repeated or similar edge shapes, while public ScoreMax remains the edge score for compatibility.
VisionTool.ParameterGuide.EdgeMatching.UseHybrid.Risk	영상 유사도도 물리 특징 동일성을 보장하지 않으며 조명·표면 변화에 민감할 수 있습니다. 점수 해석을 혼합하지 마세요.	Image similarity also cannot prove physical identity and can be sensitive to lighting or surface changes. Do not mix its meaning with the reported edge score.
VisionTool.ParameterGuide.EdgeMatching.UseHybrid.Check	사용 전후 선택 위치·엣지 점수·내부 선택 점수·경쟁 후보와 Good/Bad·조명 변동 재현성을 확인하세요.	Compare selected position, edge score, internal selection score, competitors, and Good/Bad plus lighting repeatability with Hybrid On and Off.
VisionTool.ParameterGuide.EdgeMatching.HybridTopN.Summary	영상 유사도로 다시 검사할 상위 엣지 후보 개수입니다.	The number of top edge candidates rechecked with image similarity.
VisionTool.ParameterGuide.EdgeMatching.HybridTopN.Impact	늘리면 더 많은 경쟁 후보를 비교하지만 느리고, 줄이면 빠르지만 올바른 후보가 재검증 목록 밖에 남을 수 있습니다.	Raising compares more competitors but is slower; lowering is faster but can leave the true candidate outside the verification list.
VisionTool.ParameterGuide.EdgeMatching.HybridTopN.Risk	활성 시 1 이상이어야 합니다. 높은 값은 템플릿 배경이나 조명 변화에 의한 잘못된 영상 유사도를 더 많이 평가할 수 있습니다.	It must be at least one when active. A high value can evaluate more misleading image similarity caused by template background or lighting.
VisionTool.ParameterGuide.EdgeMatching.HybridTopN.Check	Top N별 선택 후보, 엣지/영상 선택 근거, 처리 시간과 대표 이미지 실패를 비교하세요.	Compare selected candidate, edge-versus-image selection evidence, runtime, and representative-image failures for different Top N values.
VisionTool.ParameterGuide.EdgeMatching.HybridImageWeight.Summary	상위 후보 선택 점수에서 영상 유사도가 차지하는 0..1 가중치입니다. 공개 결과 점수는 계속 엣지 점수입니다.	The 0..1 weight of image similarity in top-candidate selection. The public result score remains the edge score.
VisionTool.ParameterGuide.EdgeMatching.HybridImageWeight.Impact	높이면 회색값·텍스처 유사성이 선택에 더 강하게 작용하고, 낮추면 엣지 방향 점수가 지배합니다.	Raising gives gray-value and texture similarity more influence; lowering lets directed-edge score dominate.
VisionTool.ParameterGuide.EdgeMatching.HybridImageWeight.Risk	1로 해도 공개 SCORE_MIN의 의미는 바뀌지 않습니다. 조명 차이와 배경 포함 템플릿은 잘못된 후보를 선호하게 만들 수 있습니다.	Even at one, public SCORE_MIN keeps its edge-score meaning. Lighting differences and background-heavy templates can favor a wrong candidate.
VisionTool.ParameterGuide.EdgeMatching.HybridImageWeight.Check	동일 후보들의 엣지 점수, 내부 선택 순위, 실제 물리 위치와 조명·표면 변동 샘플의 안정성을 비교하세요.	Compare candidate edge scores, internal selection order, actual physical location, and stability across lighting and surface variation.
VisionTool.ParameterGuide.Line.Polarity.Summary	스캔에서 찾을 밝기 전이 방향(어두움→밝음 또는 밝음→어두움)을 선택합니다.	Selects the brightness-transition polarity to find along the scan.
VisionTool.ParameterGuide.Line.Polarity.Impact	반대 극성을 선택하면 의도한 경계가 아니라 다른 면의 경계를 선택하거나 결과가 없을 수 있습니다.	The opposite polarity can select the other side of a feature or return no result instead of the intended boundary.
VisionTool.ParameterGuide.Line.Polarity.Check	신호 응답 부호와 선택된 엣지 점, 이후 안정 후보, 피팅선을 확인하세요.	Check signed signal response, selected edge point, later stable alternatives, and fitted line.
VisionTool.ParameterGuide.Line.ProjectionDirection.Summary	각 프로파일을 어느 방향으로 진행하며 첫 안정 엣지를 선택할지 결정합니다.	Controls the profile traversal direction and therefore which first stable edge is selected.
VisionTool.ParameterGuide.Line.ProjectionDirection.Impact	방향을 뒤집으면 같은 ROI에서도 반대쪽 경계가 먼저 선택될 수 있습니다.	Reversing direction can select the opposite boundary first even within the same ROI.
VisionTool.ParameterGuide.Line.ProjectionDirection.Check	스캔 시작·끝 좌표, 선택 엣지와 이후 후보가 의도한 물리 경계에 놓이는지 확인하세요.	Check scan start/end coordinates and verify the selected edge and later candidates lie on the intended physical boundary.
VisionTool.ParameterGuide.Line.Contrast.Summary	연속 픽셀 응답을 엣지 후보로 인정할 최소 밝기 차이입니다.	The minimum brightness response required to treat a transition as an edge candidate.
VisionTool.ParameterGuide.Line.Contrast.Impact	높이면 약한 노이즈 전이가 줄지만 저대비 실제 경계를 놓칠 수 있습니다. 낮추면 약한 경계를 살리지만 잡음 후보가 늘어납니다.	Raising suppresses weak noisy transitions but can miss a low-contrast true edge. Lowering retains weak edges but adds noise candidates.
VisionTool.ParameterGuide.Line.Contrast.Check	대표 스캔의 signed response, 선택점과 이후 안정 후보, EdgeCount와 피팅선을 확인하세요.	Check signed response on the representative scan, selected and later stable points, EdgeCount, and fitted line.
VisionTool.ParameterGuide.Line.Thickness.Summary	Contrast 조건을 만족하는 응답이 연속되어야 하는 런타임 연속성 길이입니다.	The runtime continuity length for which the Contrast condition must remain satisfied.
VisionTool.ParameterGuide.Line.Thickness.Impact	늘리면 짧은 잡음 응답을 줄이지만 얇거나 끊긴 실제 경계를 놓칠 수 있습니다. 줄이면 짧은 전이를 허용하지만 잡음에 민감해집니다.	Increasing rejects short noise responses but can miss thin or broken true edges. Decreasing accepts shorter transitions but is more noise-sensitive.
VisionTool.ParameterGuide.Line.Thickness.Check	신호 그래프에서 Contrast를 넘는 연속 구간과 런타임이 선택한 첫 안정 엣지가 일치하는지 확인하세요.	In the signal plot, verify the continuous response over Contrast matches the runtime-selected first stable edge.
VisionTool.ParameterGuide.Line.SamplingStep.Summary	라인 피팅에 사용할 스캔 위치를 건너뛰는 공간 샘플링 간격입니다.	The spatial interval between scan positions used for line fitting.
VisionTool.ParameterGuide.Line.SamplingStep.Impact	작게 하면 더 많은 엣지 점을 수집해 세밀하지만 느리고 노이즈 영향이 늘 수 있습니다. 크게 하면 빠르지만 점이 부족해질 수 있습니다.	A smaller step collects more edge points and detail but is slower and can include more noise. A larger step is faster but may leave too few points.
VisionTool.ParameterGuide.Line.SamplingStep.Check	EdgePointCount, 피팅선 안정성, 각도·길이 지표와 처리 시간을 확인하세요.	Check EdgePointCount, fitted-line stability, angle/length metrics, and runtime.
VisionTool.ParameterGuide.Line.ScanDirection.Summary	ROI 안에 여러 스캔 라인을 생성하는 진행 방향을 결정합니다.	Controls the direction used to generate multiple scan lines inside the ROI.
VisionTool.ParameterGuide.Line.ScanDirection.Impact	대상 경계와 맞지 않는 방향은 필요한 교차 프로파일을 만들지 못해 엣지 점이 부족하거나 다른 경계를 선택할 수 있습니다.	A direction misaligned with the target boundary can produce too few useful crossings or select another boundary.
VisionTool.ParameterGuide.Line.ScanDirection.Check	스캔 라인 드로잉이 대상 경계를 가로지르고 피팅점이 같은 물리 선에 모이는지 확인하세요.	Check scan-line drawings cross the target boundary and fitted points gather on the same physical line.
VisionTool.ParameterGuide.Line.ScanInterval.Summary	여러 스캔 라인 사이의 픽셀 간격입니다.	The pixel spacing between multiple scan lines.
VisionTool.ParameterGuide.Line.ScanInterval.Impact	작게 하면 스캔 수와 점 수가 늘지만 느려집니다. 크게 하면 빠르지만 짧은 경계나 국부 변형을 놓칠 수 있습니다.	A smaller interval adds scans and points but is slower. A larger interval is faster but can miss short boundaries or local deformation.
VisionTool.ParameterGuide.Line.ScanInterval.Check	스캔 라인 수, EdgePointCount, 피팅선 분포와 처리 시간을 확인하세요.	Check scan count, EdgePointCount, fitted-point distribution, and runtime.
VisionTool.ParameterGuide.Line.UseManualAngle.Summary	LineDistance가 Line A의 엣지에서 거리 샘플 라인을 만들 때 자동 POINT_RANGE 방향 대신 수동 각도를 사용할지 결정합니다. 엣지 검색 방향이나 엣지 피팅 자체를 바꾸는 옵션은 아닙니다.	Controls whether LineDistance builds distance-sampling lines from Line A with a manual angle instead of the automatic POINT_RANGE path. It does not change edge-search direction or edge fitting.
VisionTool.ParameterGuide.Line.UseManualAngle.Impact	켜면 MANUAL_ANGLE_VALUE 방향의 샘플 교차 위치와 DistanceCount·DistancePx 분포가 달라질 수 있습니다. 끄면 POINT_RANGE와 VER_PRJ_DIR을 사용합니다.	Enabling can change sample-intersection locations and the DistanceCount/DistancePx distribution through MANUAL_ANGLE_VALUE. Off uses POINT_RANGE and VER_PRJ_DIR.
VisionTool.ParameterGuide.Line.UseManualAngle.BestWhen	측정해야 할 두 경계 사이의 거리 방향이 자동 생성 방향과 다르고, 대표 OK/NG에서 그 방향을 작업자가 확인할 수 있을 때 사용하세요.	Use it when the required distance direction differs from the automatic direction and the operator can verify that direction on representative OK/NG samples.
VisionTool.ParameterGuide.Line.UseManualAngle.Risk	잘못된 각도는 샘플 라인이 ROI 밖으로 나가거나 다른 경계를 교차하게 해 거리 수와 분포를 왜곡할 수 있습니다. 직접 Line 엣지 검출력을 높이는 설정으로 사용하지 마세요.	A wrong angle can send samples outside the ROI or across another boundary, distorting distance count and distribution. Do not use it as an edge-detection-strength setting.
VisionTool.ParameterGuide.Line.UseManualAngle.Check	명시적 미리보기 후 D# 거리선이 의도한 두 경계를 잇는지, DistanceCount와 DistancePxMin/Max/Avg/Range가 안정적인지 확인하세요.	After explicit Preview, verify that D# distance lines join the intended boundaries and that DistanceCount plus DistancePxMin/Max/Avg/Range are stable.
VisionTool.ParameterGuide.Line.ManualAngle.Summary	LineDistance가 Line A 엣지에서 거리 샘플 라인을 생성할 절대 각도(deg)입니다. 엣지 스캔 각도나 피팅선 각도가 아닙니다.	The absolute angle in degrees used by LineDistance to generate distance-sampling lines from Line A. It is not the edge-scan angle or fitted-line angle.
VisionTool.ParameterGuide.Line.ManualAngle.Impact	값을 바꾸면 두 경계와 만나는 위치·샘플 수·거리 분포가 바뀔 수 있지만, LineGauge가 검출한 엣지 점과 피팅선은 그대로입니다.	Changing it can alter boundary-intersection positions, sample count, and distance distribution, while LineGauge edge points and fitted edges remain unchanged.
VisionTool.ParameterGuide.Line.ManualAngle.BestWhen	도면이나 검사 정의가 특정 거리 방향을 요구하고 그 방향을 이미지 좌표계의 각도로 명확히 환산할 수 있을 때 사용하세요.	Use it when the drawing or inspection definition requires a specific distance direction that can be stated clearly in image-coordinate degrees.
VisionTool.ParameterGuide.Line.ManualAngle.Risk	영상 회전이나 좌표계 방향을 혼동하면 겉보기에는 선이 그려져도 잘못된 물리 거리를 측정할 수 있습니다.	If image rotation or coordinate direction is misunderstood, lines may still be drawn while measuring the wrong physical distance.
VisionTool.ParameterGuide.Line.ManualAngle.Check	0°, 90° 등 기준 방향으로 먼저 확인하고, D# 선의 방향과 DistancePx 분포를 대표 샘플 전체에서 비교하세요.	First verify a known direction such as 0° or 90°, then compare D# line direction and the DistancePx distribution across representative samples.
VisionTool.ParameterGuide.Line.ExtendFitLine.Summary	직접 Line 결과의 피팅선 표시를 연장합니다. LineDistance에서는 Line A와 Line B가 모두 켜진 경우에만 엣지점 교차 대신 두 피팅선의 무한선 교차점으로 거리를 계산합니다.	Extends the fitted-line drawing in a direct Line result. In LineDistance, fitted-edge distance replaces edge-point intersection only when both Line A and Line B enable it.
VisionTool.ParameterGuide.Line.ExtendFitLine.Impact	검출된 엣지 점은 바뀌지 않습니다. A/B 둘 다 켜면 거리 계산 방식이 피팅선 기반으로 바뀌어 DistancePx 분포가 달라질 수 있고, 한쪽만 켜면 그 전환은 일어나지 않습니다.	Detected edge points do not change. Enabling both A and B switches distance construction to fitted edges and can change DistancePx distribution; enabling only one side does not switch the pair.
VisionTool.ParameterGuide.Line.ExtendFitLine.BestWhen	국부 엣지점의 흔들림보다 전체 직선 피팅을 기준으로 두 경계 사이 거리를 평가해야 하고 두 선이 충분히 직선일 때 사용하세요.	Use it when distance between two sufficiently straight boundaries should follow the global line fits rather than local edge-point variation.
VisionTool.ParameterGuide.Line.ExtendFitLine.Risk	곡선·짧은 엣지·잘못 피팅된 선에서는 무한선 교차가 실제 표면과 다른 거리를 만들 수 있습니다. 한쪽만 설정하고 피팅 거리라고 오해하지 마세요.	On curved, short, or poorly fitted edges, infinite-line intersections can produce distances away from the physical surfaces. Do not enable only one side and assume fitted-edge distance is active.
VisionTool.ParameterGuide.Line.ExtendFitLine.Check	A/B 엣지점과 피팅선이 같은 물리 경계를 지지하는지 확대 확인하고, 두 옵션 상태와 DistancePxMin/Max/Avg/Range를 함께 기록하세요.	Zoom in to verify that A/B edge points support the same physical boundaries as their fits, and record both toggle states with DistancePxMin/Max/Avg/Range.
VisionTool.ParameterGuide.Line.ExtendLength.Summary	피팅선 세그먼트를 양끝으로 연장해 그리는 픽셀 길이입니다. LineDistance는 무한 피팅선 교차를 사용하므로 이 값은 거리 허용오차·캘리브레이션·측정 범위가 아닙니다.	The pixel length added to the fitted-line segment for drawing. LineDistance intersects infinite fitted lines, so this value is not a distance tolerance, calibration, or measurement range.
VisionTool.ParameterGuide.Line.ExtendLength.Impact	직접 Line의 피팅선 표시 길이는 달라지지만 엣지점과 피팅 방향은 바뀌지 않습니다. 동일한 A/B 피팅선에서는 LineDistance 수치도 바뀌지 않아야 합니다.	It changes the visible fitted-line extent but not edge points or fit direction. With the same A/B fits, LineDistance values should remain unchanged.
VisionTool.ParameterGuide.Line.ExtendLength.BestWhen	피팅선 방향과 다른 형상의 교차 관계를 화면에서 더 쉽게 검토하려고 표시 선만 연장할 때 사용하세요.	Use it to extend only the visible fit so its direction and intersection relationship with other geometry are easier to review.
VisionTool.ParameterGuide.Line.ExtendLength.Risk	긴 표시선을 더 넓은 실제 검출 구간이나 높은 신뢰도로 오해하지 마세요. ROI 밖에 그려진 연장부는 추가 엣지 증거가 아닙니다.	Do not mistake a longer drawing for a wider detected region or higher confidence. The extension outside the ROI is not additional edge evidence.
VisionTool.ParameterGuide.Line.ExtendLength.Check	값을 바꾼 전후 피팅선 표시만 길어지고 EdgePointCount와 DistancePx 결과가 동일한지 확인하세요.	Confirm that only the fitted-line drawing becomes longer while EdgePointCount and DistancePx results remain unchanged.
VisionTool.ParameterGuide.Line.UseAverageFilter.Summary	Recipe/Preset에 저장되는 호환 필드이지만 현재 LineGauge 런타임 인터페이스와 엣지 검출 경로는 이 값을 읽지 않습니다. 현재는 평균 엣지 필터를 켜지 않습니다.	This is a Recipe/Preset compatibility field, but the current LineGauge runtime interface and edge-detection path do not read it. It does not currently enable an average-edge filter.
VisionTool.ParameterGuide.Line.UseAverageFilter.Impact	True/False를 바꿔도 현재 EdgePointCount·피팅선·LineDistance 결과는 바뀌지 않습니다. 필터 효과를 기대해 튜닝하지 마세요.	Changing True/False does not alter current EdgePointCount, fitted lines, or LineDistance results. Do not tune it expecting a filter effect.
VisionTool.ParameterGuide.Line.UseAverageFilter.BestWhen	현재 런타임 효과를 기대하는 검사 설정에는 사용하지 마세요. 기존 Recipe의 저장값을 확인하거나 향후 호환성을 유지할 때만 의미가 있습니다.	Do not use it for an inspection that expects a runtime effect. It is meaningful only for inspecting a saved legacy value or preserving compatibility.
VisionTool.ParameterGuide.Line.UseAverageFilter.Risk	켜져 있다는 표시만 보고 이상 엣지가 제거된다고 판단하면 검증되지 않은 Recipe를 승인할 수 있습니다.	Assuming outlier edges are removed merely because this displays enabled can cause approval of an unverified Recipe.
VisionTool.ParameterGuide.Line.UseAverageFilter.Check	명시적 미리보기 전후 결과가 동일한지 확인하고, 실제 엣지 선택은 Contrast·Thickness·Sampling step·ROI·극성으로 검증하세요.	Confirm explicit Preview results remain identical, and validate actual edge selection with Contrast, Thickness, Sampling step, ROI, and polarity.
VisionTool.ParameterGuide.Line.AverageDifference.Summary	저장·복원되는 호환 숫자이지만 현재 LineGauge 런타임은 읽지 않으므로 평균값 대비 엣지 제거 기준으로 적용되지 않습니다.	A persisted compatibility number that the current LineGauge runtime does not read, so it is not applied as an edge-versus-average rejection threshold.
VisionTool.ParameterGuide.Line.AverageDifference.Impact	값을 바꿔도 현재 엣지 점, 피팅선, 거리 수치가 바뀌지 않습니다. 현재 동작하는 GV 임계값으로 해석하지 마세요.	Changing it does not alter current edge points, fitted lines, or distance metrics. Do not interpret it as an active GV threshold.
VisionTool.ParameterGuide.Line.AverageDifference.BestWhen	기존 Recipe 값을 손실 없이 보존해야 할 때만 유지하세요. 현재 검출 개선에는 사용하지 마세요.	Retain it only when an existing Recipe value must round-trip without loss. Do not use it to improve current detection.
VisionTool.ParameterGuide.Line.AverageDifference.Risk	수치를 낮추거나 높여 검출이 개선됐다고 판단하면 다른 파라미터나 영상 변화의 효과를 잘못 귀속할 수 있습니다.	Attributing an apparent improvement to this number can hide the actual effect of another parameter or image change.
VisionTool.ParameterGuide.Line.AverageDifference.Check	동일 이미지에서 이 값만 바꾼 명시적 미리보기의 EdgePointCount·FitLine·DistancePx가 동일한지 확인하세요.	On the same image, confirm that explicit Previews changing only this value retain identical EdgePointCount, FitLine, and DistancePx results.
VisionTool.ParameterGuide.Line.AverageFilterType.Summary	저장·복원되는 X/Y 호환 선택값이지만 현재 LineGauge 런타임은 읽지 않아 필터 축을 바꾸지 않습니다.	A persisted X/Y compatibility selection that the current LineGauge runtime does not read, so it does not change a filtering axis.
VisionTool.ParameterGuide.Line.AverageFilterType.Impact	X와 Y를 바꿔도 현재 엣지 점, 피팅선, 거리 결과가 바뀌지 않습니다.	Changing X to Y does not alter current edge points, fitted lines, or distance results.
VisionTool.ParameterGuide.Line.AverageFilterType.BestWhen	기존 Recipe의 호환 값을 확인하거나 보존할 때만 사용하세요. 활성 런타임 필터 선택에는 사용하지 마세요.	Use it only to inspect or preserve a legacy Recipe value, not to select an active runtime filter.
VisionTool.ParameterGuide.Line.AverageFilterType.Risk	축 선택이 실제로 적용된다고 오해하면 특정 방향의 이상점이 제거되지 않은 상태를 놓칠 수 있습니다.	Assuming the selected axis is active can hide the fact that directional outliers remain unfiltered.
VisionTool.ParameterGuide.Line.AverageFilterType.Check	동일 이미지에서 X/Y 각각 명시적 미리보기를 실행해 EdgePointCount·FitLine·DistancePx가 동일한 현재 제한을 확인하세요.	Run explicit Previews with X and Y on the same image and confirm the current limitation: identical EdgePointCount, FitLine, and DistancePx.
VisionTool.ParameterGuide.Line.ShowScanLines.Summary	레거시 비트맵 Draw 경로에서 자동 스캔 라인을 표시할지 정합니다. 현재 WPF 직접 미리보기와 Pipeline Review는 검증 증거 보존을 위해 이 플래그를 적용하지 않습니다.	Controls automatic scan-line visibility in the legacy bitmap Draw path. Current WPF direct Preview and Pipeline Review do not apply this flag so review evidence remains visible.
VisionTool.ParameterGuide.Line.ShowScanLines.Impact	현재 WPF/Pipeline에서 바꿔도 알고리즘·수치·현재 드로잉이 달라지지 않습니다. 레거시 Draw에서만 POINT_RANGE와 VER_PRJ_DIR 기반 자동 선의 표시가 달라지며 수동 각도 선은 아닙니다.	In current WPF/Pipeline, changing it affects neither algorithm, metrics, nor current drawings. Only legacy Draw changes automatic POINT_RANGE/VER_PRJ_DIR lines; these are not manual-angle lines.
VisionTool.ParameterGuide.Line.ShowScanLines.BestWhen	레거시 출력에서 자동 스캔 배치를 단순화할 때만 사용하세요. 현재 검사 증거를 숨기는 용도로 사용하지 마세요.	Use it only to simplify automatic scan layout in a legacy output. Do not use it to hide current inspection evidence.
VisionTool.ParameterGuide.Line.ShowScanLines.Risk	현재 화면에서 꺼도 선이 남는 것은 저장 실패가 아니라 경로 차이입니다. 이를 알고리즘 미적용이나 오류로 오해하지 마세요.	Lines remaining after it is disabled in the current UI reflect the path boundary, not a save failure. Do not mistake this for algorithm failure.
VisionTool.ParameterGuide.Line.ShowScanLines.Check	명시적 미리보기 후 현재 D#/스캔 증거가 유지되고 Preview 수·레이어·라우팅이 옵션 변경만으로 변하지 않는지 확인하세요.	After explicit Preview, confirm current D#/scan evidence remains and that changing the option alone does not alter Preview count, layers, or routing.
VisionTool.ParameterGuide.Line.ShowEdges.Summary	레거시 비트맵 Draw 경로에서 검출 엣지점을 표시할지 정합니다. 현재 WPF 직접 미리보기와 Pipeline Review는 엣지 증거를 항상 유지합니다.	Controls detected-edge-point visibility in the legacy bitmap Draw path. Current WPF direct Preview and Pipeline Review always retain edge evidence.
VisionTool.ParameterGuide.Line.ShowEdges.Impact	현재 WPF/Pipeline에서 바꿔도 엣지 검출, EdgePointCount, 수치와 드로잉은 달라지지 않습니다.	In current WPF/Pipeline, changing it does not alter edge detection, EdgePointCount, metrics, or drawings.
VisionTool.ParameterGuide.Line.ShowEdges.BestWhen	레거시 결과 이미지의 표시 밀도만 줄여야 할 때 사용하세요. 현재 피팅·거리 결과 검증 중에는 엣지 증거를 유지하세요.	Use it only to reduce display density in a legacy result image. Keep edge evidence visible while validating fit or distance results.
VisionTool.ParameterGuide.Line.ShowEdges.Risk	표시를 숨기는 것은 검출 제외가 아닙니다. 반대로 현재 화면에 점이 남아 있어도 옵션 저장이 실패한 것은 아닙니다.	Hiding a drawing is not detection filtering. Conversely, points remaining in the current UI do not mean the option failed to persist.
VisionTool.ParameterGuide.Line.ShowEdges.Check	EdgePointCount가 변하지 않는지와 현재 WPF/Pipeline 엣지 오버레이가 유지되는지 확인하세요.	Verify that EdgePointCount is unchanged and current WPF/Pipeline edge overlays remain visible.
VisionTool.ParameterGuide.Line.ShowContour.Summary	레거시 비트맵 Draw 경로에서 검출 엣지점을 연결한 선을 표시할지 정합니다. 현재 WPF 직접 미리보기와 Pipeline Review는 이 플래그를 적용하지 않습니다.	Controls the connected edge-point line in the legacy bitmap Draw path. Current WPF direct Preview and Pipeline Review do not apply this flag.
VisionTool.ParameterGuide.Line.ShowContour.Impact	현재 WPF/Pipeline에서 바꿔도 검출점·피팅·거리 수치와 현재 오버레이는 달라지지 않습니다.	In current WPF/Pipeline, changing it does not alter detected points, fitting, distance metrics, or current overlays.
VisionTool.ParameterGuide.Line.ShowContour.BestWhen	레거시 결과에서 점 연결선의 표시 여부만 선택할 때 사용하세요. 알고리즘 품질 조정에는 사용하지 마세요.	Use it only to choose whether a legacy result connects edge points. Do not use it to tune algorithm quality.
VisionTool.ParameterGuide.Line.ShowContour.Risk	연결선의 모양을 실제 검출 윤곽이나 추가 피팅 증거로 과대 해석하지 마세요.	Do not overinterpret the connected drawing as a detected contour or additional fitting evidence.
VisionTool.ParameterGuide.Line.ShowContour.Check	동일 결과의 EdgePointCount·FitLine·DistancePx가 유지되는지 확인하고, 현재 UI에 변화가 없는 경로 제한을 확인하세요.	Confirm EdgePointCount, FitLine, and DistancePx remain unchanged and verify the current UI path shows no change.
VisionTool.ParameterGuide.Line.ShowFitLine.Summary	레거시 비트맵 Draw 경로에서 피팅선 표시 여부를 정합니다. 현재 WPF 직접 미리보기와 Pipeline Review는 피팅 증거를 유지하며 이 플래그를 적용하지 않습니다.	Controls fitted-line visibility in the legacy bitmap Draw path. Current WPF direct Preview and Pipeline Review retain fit evidence and do not apply this flag.
VisionTool.ParameterGuide.Line.ShowFitLine.Impact	현재 WPF/Pipeline에서 바꿔도 피팅 계산, 선 각도·길이, 거리 수치와 현재 드로잉은 달라지지 않습니다.	In current WPF/Pipeline, changing it does not alter fitting, line angle/length, distance metrics, or current drawings.
VisionTool.ParameterGuide.Line.ShowFitLine.BestWhen	레거시 결과 이미지에서 피팅선 표시만 줄일 때 사용하세요. USE_EXTEND_FIT_LINE의 거리 계산 전환과 혼동하지 마세요.	Use it only to reduce fitted-line display in a legacy result image. Do not confuse it with the USE_EXTEND_FIT_LINE distance-mode switch.
VisionTool.ParameterGuide.Line.ShowFitLine.Risk	표시 플래그를 끄는 것은 피팅을 비활성화하지 않습니다. 현재 UI에 선이 남는 것도 계산 실패나 저장 실패가 아닙니다.	Disabling this display flag does not disable fitting. A line remaining in the current UI is not a calculation or persistence failure.
VisionTool.ParameterGuide.Line.ShowFitLine.Check	LineAngle·LineLength·DistancePx 결과가 유지되고 현재 WPF/Pipeline 피팅선 증거가 남는지 확인하세요.	Confirm LineAngle, LineLength, and DistancePx results remain unchanged and current WPF/Pipeline fit evidence remains visible.
VisionTool.ParameterGuide.Affine.SourcePointX.Summary	입력 좌표계에서 선택한 소스 점의 X 픽셀 좌표입니다. 소스 점 1·2·3은 같은 번호의 목표 점 1·2·3에 순서대로 대응합니다. Direct Tool은 이 숫자를 사용하고, Recipe의 검출 Point 모드가 켜지면 실행 시 검출 좌표로 대체됩니다.	The X pixel coordinate of a selected source point in the input coordinate system. Source points 1, 2, and 3 correspond in order to destination points 1, 2, and 3. The Direct Tool uses this number; Recipe detected-Point mode replaces it with the detected coordinate at Run time.
VisionTool.ParameterGuide.Affine.SourcePointX.Impact	X를 바꾸면 한 대응점이 좌우로 이동하여 계산되는 2x3 행렬의 이동·회전·X/Y 배율·기울기와 출력의 잘림 범위가 함께 달라질 수 있습니다.	Changing X moves one correspondence horizontally and can alter translation, rotation, X/Y scale, shear, and output cropping in the calculated 2x3 matrix.
VisionTool.ParameterGuide.Affine.SourcePointX.BestWhen	입력 영상에서 같은 물리 특징의 좌표를 사용하고 세 점을 넓게 벌려 일직선이 되지 않도록 티칭할 때 사용하세요. 검출 Point 모드라면 이 고정값 대신 세 검출기와 순서를 검증하세요.	Use coordinates from the same physical features in the input image and keep the three points widely separated and non-collinear. In detected-Point mode, verify the three detectors and their order instead of this fixed value.
VisionTool.ParameterGuide.Affine.SourcePointX.Risk	번호 대응이 뒤바뀌면 수치상 유효해도 반전·전단된 잘못된 영상이 생길 수 있습니다. 영상 밖 좌표도 허용되므로 실행 성공만으로 물리적으로 올바른 대응을 보장하지 않습니다.	Swapping correspondence numbers can produce a numerically valid but mirrored or sheared image. Off-image coordinates are allowed, so execution success does not prove physically correct correspondence.
VisionTool.ParameterGuide.Affine.SourcePointX.Check	명시적 Preview 후 AffineSourceTriangleArea, 6개 행렬 계수, 목표 삼각형과 변환된 소스 프레임 드로잉, AffineValidPixelRatio 및 후속 고정 ROI 위치를 확인하세요.	After explicit Preview, check AffineSourceTriangleArea, all six matrix coefficients, destination-triangle and transformed-source-frame drawings, AffineValidPixelRatio, and downstream fixed-ROI position.
VisionTool.ParameterGuide.Affine.SourcePointY.Summary	입력 좌표계에서 선택한 소스 점의 Y 픽셀 좌표입니다. 영상 좌표의 Y는 아래쪽으로 증가하며, 같은 번호의 목표 점과 한 쌍을 이룹니다. Direct Tool은 이 숫자를 사용하고 검출 Point 모드는 실행 시 대체합니다.	The Y pixel coordinate of a selected source point in the input coordinate system. Image Y increases downward, and the point pairs with the destination point of the same number. The Direct Tool uses this number; detected-Point mode replaces it at Run time.
VisionTool.ParameterGuide.Affine.SourcePointY.Impact	Y를 바꾸면 한 대응점이 위아래로 이동하여 행렬의 이동·회전·배율·기울기와 출력에서 유지되는 소스 영역이 달라질 수 있습니다.	Changing Y moves one correspondence vertically and can alter matrix translation, rotation, scale, shear, and how much source area remains in the output.
VisionTool.ParameterGuide.Affine.SourcePointY.BestWhen	입력 영상의 동일한 물리 기준점 중심을 일관된 좌표계로 측정하고 세 점이 충분한 삼각형 면적을 만들 때 사용하세요.	Use a consistent input coordinate system for the same physical reference-point centers and ensure the three points form a sufficiently large triangle.
VisionTool.ParameterGuide.Affine.SourcePointY.Risk	화면 Y 방향을 반대로 이해하거나 점 순서를 바꾸면 의도와 다른 회전·반전이 생길 수 있습니다. 거의 일직선인 세 점은 작은 좌표 오차를 크게 증폭합니다.	Misreading the downward image-Y direction or swapping point order can create unintended rotation or mirroring. Nearly collinear points amplify small coordinate errors.
VisionTool.ParameterGuide.Affine.SourcePointY.Check	Preview의 목표 점 번호·변환 프레임, AffineSourceTriangleArea, AffineRotationDeg·ScaleX/Y·ShearCosine과 후속 ROI 정렬을 함께 확인하세요.	In Preview, check destination point numbers, transformed frame, AffineSourceTriangleArea, AffineRotationDeg, ScaleX/Y, ShearCosine, and downstream ROI alignment.
VisionTool.ParameterGuide.Affine.DestinationPointX.Summary	같은 번호의 소스 점이 출력 좌표계에서 도착해야 하는 X 픽셀 좌표입니다. 세 목표 점이 Affine 결과의 기준 위치·방향·크기·기울기를 정의합니다.	The output-coordinate X pixel where the source point with the same number must land. The three destination points define the affine result's reference position, orientation, scale, and shear.
VisionTool.ParameterGuide.Affine.DestinationPointX.Impact	X를 바꾸면 해당 기준점의 가로 위치와 목표 삼각형 형상이 변해 출력 내용의 좌우 이동·배율·회전·전단 및 캔버스 밖 잘림이 달라질 수 있습니다.	Changing X alters that reference point's horizontal position and destination-triangle shape, which can change horizontal translation, scale, rotation, shear, and off-canvas clipping.
VisionTool.ParameterGuide.Affine.DestinationPointX.BestWhen	후속 고정 ROI가 사용할 검토된 기준 영상 좌표를 먼저 정하고, 소스 점과 동일한 물리 특징 순서로 목표 좌표를 입력할 때 사용하세요.	Use it after defining the reviewed reference-image coordinates required by downstream fixed ROIs, with destination points ordered to match the same physical source features.
VisionTool.ParameterGuide.Affine.DestinationPointX.Risk	출력 크기와 맞지 않는 큰 좌표는 변환 영상을 캔버스 밖으로 보내며, 점 번호 오류는 수치상 성공해도 잘못된 물리 정렬을 만들 수 있습니다.	Large coordinates inconsistent with output size can move the transformed image off canvas, and wrong point numbering can create physically wrong alignment despite numeric success.
VisionTool.ParameterGuide.Affine.DestinationPointX.Check	Preview에서 Affine Destination 1·2·3 점과 삼각형, 변환된 소스 프레임, AffineTranslationX와 AffineValidPixelRatio를 확인하세요.	In Preview, inspect Affine Destination points 1, 2, and 3, their triangle, the transformed source frame, AffineTranslationX, and AffineValidPixelRatio.
VisionTool.ParameterGuide.Affine.DestinationPointY.Summary	같은 번호의 소스 점이 출력 좌표계에서 도착해야 하는 Y 픽셀 좌표입니다. 출력 영상의 Y는 아래쪽으로 증가합니다.	The output-coordinate Y pixel where the source point with the same number must land. Output-image Y increases downward.
VisionTool.ParameterGuide.Affine.DestinationPointY.Impact	Y를 바꾸면 해당 기준점의 세로 위치와 목표 삼각형 형상이 변해 출력의 상하 이동·회전·배율·기울기와 위아래 잘림이 달라질 수 있습니다.	Changing Y alters that reference point's vertical position and destination-triangle shape, which can change vertical translation, rotation, scale, shear, and top/bottom clipping.
VisionTool.ParameterGuide.Affine.DestinationPointY.BestWhen	후속 검사 ROI와 측정 기준이 사용할 출력 Y 좌표를 검토된 기준 영상에서 확정한 뒤 사용하세요.	Use it after fixing the output Y coordinates required by downstream inspection ROIs and measurement references on a reviewed reference image.
VisionTool.ParameterGuide.Affine.DestinationPointY.Risk	영상 Y 방향이나 대응 순서를 잘못 이해하면 출력이 뒤집히거나 기울어질 수 있습니다. 목표 세 점이 거의 일직선이면 실행은 게이트에서 거부되거나 불안정해집니다.	Misreading image-Y direction or correspondence order can flip or shear the output. Nearly collinear destination points are rejected by the gate or produce unstable teaching.
VisionTool.ParameterGuide.Affine.DestinationPointY.Check	Preview의 목표 삼각형이 의도한 기준 프레임인지, AffineDestinationTriangleArea·AffineTranslationY·AffineValidPixelRatio와 후속 ROI 위치가 맞는지 확인하세요.	Verify that the Preview destination triangle is the intended reference frame and check AffineDestinationTriangleArea, AffineTranslationY, AffineValidPixelRatio, and downstream ROI position.
VisionTool.ParameterGuide.Affine.OutputWidth.Summary	Affine 결과 캔버스의 가로 픽셀 수입니다. 0이면 입력 영상 폭을 유지하고, 1..32768은 명시한 출력 폭을 사용합니다.	The affine result canvas width in pixels. Zero keeps the input-image width; 1 through 32768 uses the specified output width.
VisionTool.ParameterGuide.Affine.OutputWidth.Impact	폭을 늘리면 더 넓은 출력 좌표를 담지만 빈 경계 영역과 처리량이 늘 수 있습니다. 줄이면 목표 점이나 변환된 소스 프레임이 좌우에서 잘리고 유효 픽셀 비율이 낮아질 수 있습니다.	A larger width can retain more output coordinates but adds border area and work. A smaller width can clip destination points or the transformed source frame and lower valid-pixel ratio.
VisionTool.ParameterGuide.Affine.OutputWidth.BestWhen	후속 고정 ROI와 저장 형식이 요구하는 기준 캔버스 폭을 알고 있을 때 양수로 고정하고, 입력 폭을 그대로 쓸 때만 0을 사용하세요.	Set a positive value when the reference canvas width required by downstream fixed ROIs or storage is known; use zero only to keep the input width.
VisionTool.ParameterGuide.Affine.OutputWidth.Risk	캔버스 크기는 좌표를 자동 재배율하지 않습니다. 목표 X 좌표보다 작은 폭은 잘림을 만들 수 있고 큰 폭은 BorderType으로 채운 영역을 늘릴 수 있습니다.	Canvas size does not rescale coordinates automatically. A width smaller than destination X coordinates can clip content, while a large width can add more BorderType-filled area.
VisionTool.ParameterGuide.Affine.OutputWidth.Check	ResultImageWidth, 목표 점/프레임의 좌우 잘림, AffineValidPixelRatio, 처리 시간과 후속 ROI가 모두 캔버스 안에 있는지 확인하세요.	Check ResultImageWidth, left/right clipping of destination points and frame, AffineValidPixelRatio, runtime, and whether all downstream ROIs remain inside the canvas.
VisionTool.ParameterGuide.Affine.OutputHeight.Summary	Affine 결과 캔버스의 세로 픽셀 수입니다. 0이면 입력 영상 높이를 유지하고, 1..32768은 명시한 출력 높이를 사용합니다.	The affine result canvas height in pixels. Zero keeps the input-image height; 1 through 32768 uses the specified output height.
VisionTool.ParameterGuide.Affine.OutputHeight.Impact	높이를 늘리면 더 넓은 세로 좌표를 담지만 빈 경계와 처리량이 늘 수 있습니다. 줄이면 목표 점이나 변환 프레임이 위아래에서 잘리고 유효 픽셀 비율이 낮아질 수 있습니다.	A larger height can retain more vertical coordinates but adds border area and work. A smaller height can clip destination points or the transformed frame and lower valid-pixel ratio.
VisionTool.ParameterGuide.Affine.OutputHeight.BestWhen	후속 고정 ROI가 사용할 기준 캔버스 높이가 정해졌을 때 양수로 고정하고, 입력 높이를 유지할 때만 0을 사용하세요.	Set a positive value when the reference canvas height used by downstream fixed ROIs is defined; use zero only to keep the input height.
VisionTool.ParameterGuide.Affine.OutputHeight.Risk	목표 Y 좌표보다 작은 높이는 결과를 자르며, 큰 높이는 경계 채움 영역을 늘립니다. 폭/높이 변경은 대응점 좌표를 자동 보정하지 않습니다.	A height smaller than destination Y coordinates clips the result, while a large height adds border-filled area. Width/height changes do not adjust correspondence coordinates automatically.
VisionTool.ParameterGuide.Affine.OutputHeight.Check	ResultImageHeight, 위아래 잘림, AffineValidPixelRatio, 처리 시간과 후속 ROI의 Y 범위를 확인하세요.	Check ResultImageHeight, top/bottom clipping, AffineValidPixelRatio, runtime, and downstream ROI Y ranges.
VisionTool.ParameterGuide.Affine.Interpolation.Summary	WarpAffine가 출력 픽셀의 소스 값을 계산하는 보간 방식입니다. 현재 런타임은 Nearest, Linear, Cubic, Lanczos4만 허용합니다.	The interpolation method WarpAffine uses to calculate source values for output pixels. The current runtime supports only Nearest, Linear, Cubic, and Lanczos4.
VisionTool.ParameterGuide.Affine.Interpolation.Impact	Nearest는 원래 값 경계를 가장 직접적으로 보존하지만 계단 현상이 있고, Linear는 기본 균형, Cubic/Lanczos4는 더 넓은 이웃을 사용해 선명도·링잉·처리 시간이 달라집니다.	Nearest most directly preserves original value boundaries but can look jagged; Linear is the balanced default; Cubic and Lanczos4 use wider neighborhoods and change sharpness, ringing, and runtime.
VisionTool.ParameterGuide.Affine.Interpolation.BestWhen	후속 Threshold/Edge가 회색값 변화에 민감하면 동일 대표 샘플에서 후보 방식을 비교하고, 검증된 가장 단순한 방식을 고정하세요.	If downstream Threshold or Edge is sensitive to gray-value changes, compare candidate methods on the same representative samples and freeze the simplest validated choice.
VisionTool.ParameterGuide.Affine.Interpolation.Risk	보간은 위치 행렬을 바꾸지 않지만 픽셀값과 경계 모양을 바꿔 후속 임계값·Blob·Edge 결과를 달라지게 할 수 있습니다. Area 등 미지원 값은 실행 전에 실패합니다.	Interpolation does not change the position matrix, but it changes pixel values and edge shape and can alter downstream Threshold, Blob, or Edge results. Unsupported values such as Area fail before execution.
VisionTool.ParameterGuide.Affine.Interpolation.Check	같은 변환에서 미세 경계·회색값·링잉, 후속 ResultCount/측정값과 처리 시간을 비교하고 행렬 계수는 동일한지 확인하세요.	On the same transform, compare fine edges, gray values, ringing, downstream ResultCount or measurements, and runtime, and verify the matrix coefficients remain identical.
VisionTool.ParameterGuide.Affine.BorderType.Summary	역변환이 소스 영상 밖을 참조할 때 출력 픽셀을 채우는 정책입니다. 현재 Constant, Replicate, Reflect, Wrap, Reflect101을 허용합니다.	The policy used to fill output pixels whose inverse mapping references outside the source image. The current runtime supports Constant, Replicate, Reflect, Wrap, and Reflect101.
VisionTool.ParameterGuide.Affine.BorderType.Impact	Constant는 BorderValue로 채우고, Replicate/Reflect/Wrap 계열은 가장자리 값을 연장하거나 반복해 서로 다른 인공 무늬와 엣지를 만들 수 있습니다.	Constant fills with BorderValue; Replicate, Reflect, and Wrap variants extend or repeat edge values and can create different artificial patterns and edges.
VisionTool.ParameterGuide.Affine.BorderType.BestWhen	후속 검사가 변환 프레임 외곽을 포함한다면 실제 배경과 가장 가까운 정책을 대표 OK/NG에서 검증하세요. 고정 배경이 필요하면 Constant를 사용하세요.	If downstream inspection includes the transformed-frame border, validate the policy closest to the real background on representative OK/NG samples. Use Constant when a fixed background is required.
VisionTool.ParameterGuide.Affine.BorderType.Risk	반사·반복 경계는 존재하지 않는 Blob·Contour·Edge 후보를 만들 수 있습니다. 경계 채움 픽셀은 AffineValidPixelRatio의 유효 소스 픽셀로 계산되지 않습니다.	Reflected or repeated borders can create nonexistent Blob, Contour, or Edge candidates. Border-filled pixels do not count as valid source pixels in AffineValidPixelRatio.
VisionTool.ParameterGuide.Affine.BorderType.Check	Preview 외곽의 채움 무늬와 인공 엣지, AffineValidPixelRatio, 후속 Threshold/Blob/Contour 후보가 프레임 밖 채움에서 생기지 않는지 확인하세요.	Check Preview border patterns and artificial edges, AffineValidPixelRatio, and whether downstream Threshold, Blob, or Contour candidates arise from frame-exterior filling.
VisionTool.ParameterGuide.Affine.BorderValue.Summary	BorderType이 Constant일 때 소스 밖 출력 픽셀의 모든 회색/색상 채널에 사용하는 0..255 스칼라 값입니다.	The 0..255 scalar applied to every gray or color channel for output pixels outside the source when BorderType is Constant.
VisionTool.ParameterGuide.Affine.BorderValue.Impact	값을 높이면 상수 경계가 밝아지고 낮추면 어두워져 프레임 가장자리의 Threshold·Edge·Blob 반응이 달라질 수 있습니다. Affine 행렬과 유효 픽셀 비율 계산은 바뀌지 않습니다.	Raising makes the constant border brighter and lowering makes it darker, which can alter Threshold, Edge, or Blob response at the frame boundary. The affine matrix and valid-pixel-ratio calculation do not change.
VisionTool.ParameterGuide.Affine.BorderValue.BestWhen	Constant 경계를 실제 배경 밝기와 맞추고 후속 검사가 경계 채움과 물체를 혼동하지 않는지 검증할 때 사용하세요.	Use it to match a Constant border to the real background brightness and verify downstream inspection does not confuse the fill with the object.
VisionTool.ParameterGuide.Affine.BorderValue.Risk	색상 영상에서도 하나의 값이 모든 채널에 적용되어 회색 경계가 됩니다. BorderType이 Constant가 아니면 이 값은 현재 실행에 적용되지 않습니다.	On a color image, one value is applied to every channel, producing a gray border. This value is inactive when BorderType is not Constant.
VisionTool.ParameterGuide.Affine.BorderValue.Check	Constant Preview에서 경계 밝기와 후속 이진화/엣지 후보를 확인하고, 다른 BorderType에서는 값을 바꿔도 결과가 변하지 않는지 확인하세요.	In a Constant-border Preview, check border brightness and downstream binary or edge candidates; with another BorderType, verify changing the value does not change the result.
VisionTool.ParameterGuide.Affine.MinimumSourceArea.Summary	세 소스 점이 만드는 절대 삼각형 면적의 최소값(pixel²)입니다. 실제 면적이 이 값보다 작거나 세 점이 일직선이면 실행 전에 실패합니다.	The minimum absolute triangle area in pixel² formed by the three source points. Execution fails before warping when the area is below this value or the points are collinear.
VisionTool.ParameterGuide.Affine.MinimumSourceArea.Impact	높이면 서로 가까운 소스 점이나 거의 일직선인 티칭을 더 엄격히 거부합니다. 0으로 낮춰도 완전히 일직선인 세 점은 퇴화 조건으로 계속 거부됩니다.	Raising rejects tightly clustered or nearly collinear source teaching more strictly. Even at zero, exactly collinear points remain rejected as degenerate.
VisionTool.ParameterGuide.Affine.MinimumSourceArea.BestWhen	검출·클릭 좌표 오차가 행렬에 과도하게 증폭되지 않도록, 검증된 세 기준점 간격에 맞춘 양수 하한을 사용하세요.	Use a positive lower bound matched to validated reference-point spacing so detection or click coordinate errors are not excessively amplified in the matrix.
VisionTool.ParameterGuide.Affine.MinimumSourceArea.Risk	너무 높으면 정상적인 작은 기준 삼각형을 거부하고, 너무 낮으면 수치상 통과하지만 좌표 노이즈에 민감한 변환을 허용할 수 있습니다.	A value that is too high rejects a valid small reference triangle; too low can allow a numerically valid transform that is sensitive to coordinate noise.
VisionTool.ParameterGuide.Affine.MinimumSourceArea.Check	Preview/Run 진단의 AffineSourceTriangleArea와 거부 메시지를 확인하고, 대표 샘플에서 세 소스 점 드로잉과 행렬·후속 ROI 변동을 함께 검토하세요.	Check AffineSourceTriangleArea and reject diagnostics, then review the three source-point drawings, matrix, and downstream ROI variation across representative samples.
VisionTool.ParameterGuide.Affine.MinimumDestinationArea.Summary	세 목표 점이 만드는 절대 삼각형 면적의 최소값(pixel²)입니다. 실제 면적이 이 값보다 작거나 세 점이 일직선이면 실행 전에 실패합니다.	The minimum absolute triangle area in pixel² formed by the three destination points. Execution fails before warping when the area is below this value or the points are collinear.
VisionTool.ParameterGuide.Affine.MinimumDestinationArea.Impact	높이면 지나치게 작거나 거의 일직선인 출력 기준 프레임을 더 엄격히 거부합니다. 0이어도 완전히 일직선인 목표 점은 허용되지 않습니다.	Raising rejects excessively small or nearly collinear output reference frames more strictly. Exactly collinear destination points remain invalid even when the configured minimum is zero.
VisionTool.ParameterGuide.Affine.MinimumDestinationArea.BestWhen	후속 고정 ROI가 사용할 기준 프레임의 정상 삼각형 면적을 알고 있고, 잘못된 목표 좌표 입력을 실행 전에 차단하려 할 때 사용하세요.	Use it when the normal triangle area of the downstream reference frame is known and incorrect destination-coordinate teaching should be blocked before execution.
VisionTool.ParameterGuide.Affine.MinimumDestinationArea.Risk	하한이 너무 높으면 의도한 작은 출력 기준을 거부하고, 너무 낮으면 점 순서 오류나 불안정한 작은 프레임을 충분히 경고하지 못할 수 있습니다.	A threshold that is too high rejects an intended small output reference; too low may not adequately guard against ordering mistakes or an unstable tiny frame.
VisionTool.ParameterGuide.Affine.MinimumDestinationArea.Check	AffineDestinationTriangleArea, 목표 점/삼각형 드로잉, 행렬의 Determinant·ScaleX/Y와 후속 ROI 크기·위치를 확인하세요.	Check AffineDestinationTriangleArea, destination-point and triangle drawings, matrix Determinant and ScaleX/Y, and downstream ROI size and position.
VisionTool.ParameterGuide.Affine.MinimumValidPixelRatio.Summary	출력 캔버스 픽셀 중 실제 소스 영상에서 변환되어 온 픽셀의 최소 비율(0..1)입니다. 경계 채움은 유효 픽셀로 세지 않으며, 실행 후 비율이 하한보다 작으면 증거를 남기고 실패합니다.	The minimum fraction, from 0 to 1, of output-canvas pixels transformed from the real source image. Border fill does not count as valid; after warping, a ratio below the threshold fails while retaining correction evidence.
VisionTool.ParameterGuide.Affine.MinimumValidPixelRatio.Impact	높이면 잘림·캔버스 밖 이동·과도한 빈 영역을 더 엄격히 거부합니다. 낮추면 부분 소스만 남은 결과도 통과하며, 0은 비율 기반 거부를 사실상 끕니다.	Raising rejects clipping, off-canvas motion, and excessive empty area more strictly. Lowering allows outputs with less retained source; zero effectively disables ratio-based rejection.
VisionTool.ParameterGuide.Affine.MinimumValidPixelRatio.BestWhen	후속 ROI가 필요로 하는 소스 영역이 출력에 충분히 남는 최소 비율을 대표 OK/NG와 드로잉으로 정한 뒤 고정하세요.	Freeze it after representative OK/NG samples and drawings establish the minimum retained-source fraction required by downstream ROIs.
VisionTool.ParameterGuide.Affine.MinimumValidPixelRatio.Risk	높은 전체 비율도 중요한 특정 ROI가 잘리지 않았음을 보장하지 않습니다. 낮은 하한은 검정/반사 경계가 큰 결과를 통과시킬 수 있으므로 비율만으로 정렬 품질을 판단하지 마세요.	A high global ratio does not prove a critical ROI is uncut. A low threshold can pass results dominated by constant or reflected borders, so do not judge alignment quality from ratio alone.
VisionTool.ParameterGuide.Affine.MinimumValidPixelRatio.Check	AffineValidPixelRatio와 변환 프레임 드로잉을 확인하고, 후속 고정 ROI 전체가 실제 소스 내용 위에 있는지 확대 검토하세요.	Check AffineValidPixelRatio and the transformed-frame drawing, then zoom in to confirm every downstream fixed ROI lies over real source content.
PropertyGrid.Type.BlobProperty.MAX_AREA.DisplayName	최대 면적	Maximum area
PropertyGrid.Type.BlobProperty.MAX_WIDTH.DisplayName	최대 바운딩 폭	Maximum bounding width
PropertyGrid.Type.BlobProperty.MAX_HEIGHT.DisplayName	최대 바운딩 높이	Maximum bounding height
PropertyGrid.Type.ContourProperty.USE_APPROXPOLYDP.DisplayName	다각형 추가 근사	Additional polygon approximation
PropertyGrid.Type.ContourProperty.DrawMode.DisplayName	표시 방식	Drawing mode
PropertyGrid.Type.ContourProperty.ApproximationModes.DisplayName	윤곽점 근사 방식	Contour approximation mode
PropertyGrid.Type.ContourProperty.DetectMode.DisplayName	윤곽 검색 방식	Contour retrieval mode
PropertyGrid.Type.ContourProperty.EPSILON.DisplayName	근사 허용 오차	Approximation epsilon
PropertyGrid.Type.ContourProperty.MAX_AREA.DisplayName	최대 면적	Maximum area
PropertyGrid.Type.ContourProperty.MAX_WIDTH.DisplayName	최대 바운딩 폭	Maximum bounding width
PropertyGrid.Type.ContourProperty.MAX_HEIGHT.DisplayName	최대 바운딩 높이	Maximum bounding height
PropertyGrid.Type.ContourProperty.DrawColor.DisplayName	표시 색상	Drawing color
PropertyGrid.Type.ContourProperty.DrawThickness.DisplayName	표시 두께	Drawing thickness
PropertyGrid.Type.ThresholdToolProperty.Mode.DisplayName	Threshold 모드	Threshold mode
PropertyGrid.Type.ThresholdToolProperty.Threshold.DisplayName	기준 밝기	Threshold value
PropertyGrid.Type.ThresholdToolProperty.MaxValue.DisplayName	출력 최대값	Output maximum
PropertyGrid.Type.ThresholdToolProperty.ThresholdType.DisplayName	일반 결과 극성	Basic result polarity
PropertyGrid.Type.ThresholdToolProperty.RangeMin.DisplayName	범위 하한	Range minimum
PropertyGrid.Type.ThresholdToolProperty.RangeMax.DisplayName	범위 상한	Range maximum
PropertyGrid.Type.ThresholdToolProperty.Invert.DisplayName	범위 반전	Range invert
PropertyGrid.Type.ThresholdToolProperty.AdaptiveType.DisplayName	Adaptive 계산 방식	Adaptive method
PropertyGrid.Type.ThresholdToolProperty.AdaptiveThresholdType.DisplayName	Adaptive 결과 극성	Adaptive result polarity
PropertyGrid.Type.ThresholdToolProperty.BlockSize.DisplayName	로컬 블록 크기	Local block size
PropertyGrid.Type.ThresholdToolProperty.Weight.DisplayName	로컬 보정값	Local correction
PropertyGrid.Type.MorphologyToolProperty.Operator.DisplayName	모폴로지 연산	Morphology operation
PropertyGrid.Type.MorphologyToolProperty.Shape.DisplayName	커널 형상	Kernel shape
PropertyGrid.Type.MorphologyToolProperty.KernelWidth.DisplayName	커널 폭	Kernel width
PropertyGrid.Type.MorphologyToolProperty.KernelHeight.DisplayName	커널 높이	Kernel height
PropertyGrid.Type.MorphologyToolProperty.Iterations.DisplayName	반복 횟수	Iterations
PropertyGrid.Type.FilterToolProperty.FilterType.DisplayName	필터 종류	Filter type
PropertyGrid.Type.FilterToolProperty.KernelWidth.DisplayName	커널 폭	Kernel width
PropertyGrid.Type.FilterToolProperty.KernelHeight.DisplayName	커널 높이	Kernel height
PropertyGrid.Type.FilterToolProperty.MedianKernelSize.DisplayName	Median 커널 크기	Median kernel size
PropertyGrid.Type.FilterToolProperty.Diameter.DisplayName	Bilateral 이웃 지름	Bilateral diameter
PropertyGrid.Type.FilterToolProperty.SigmaColor.DisplayName	색상 시그마	Color sigma
PropertyGrid.Type.FilterToolProperty.SigmaSpace.DisplayName	공간 시그마	Spatial sigma
PropertyGrid.Type.FilterToolProperty.BorderType.DisplayName	경계 처리	Border handling
VisionTool.ParameterGuide.Common.Name.Summary	Recipe와 결과에서 이 Tool 또는 Step을 식별하는 이름입니다.	The name that identifies this Tool or Step in the recipe and results.
VisionTool.ParameterGuide.Common.Name.Impact	이름은 결과 검색과 Step 식별을 바꾸지만 영상처리 계산은 바꾸지 않습니다.	The name changes result lookup and Step identity, not the image-processing calculation.
VisionTool.ParameterGuide.Common.Name.Check	저장된 Pipeline과 Run 결과에 의도한 이름이 표시되는지 확인하세요.	Verify the intended name appears in the saved Pipeline and Run results.
VisionTool.ParameterGuide.Common.UseThreshold.Summary	본 알고리즘 전에 단일 밝기 기준으로 입력을 이진화할지 결정합니다.	Controls whether the input is binarized by one gray-value cutoff before this algorithm.
VisionTool.ParameterGuide.Common.UseThreshold.Impact	켜면 후속 검출이 흑백 마스크를 사용하고 끄면 입력 영상을 그대로 사용합니다.	On makes downstream detection use a binary mask; off uses the input image directly.
VisionTool.ParameterGuide.Common.UseThreshold.Check	이진 Preview가 대상 전체를 포함하고 배경 노이즈를 제외하는지 확인하세요.	Verify binary Preview includes the full target and excludes background noise.
VisionTool.ParameterGuide.Common.ThresholdType.Summary	기준보다 밝은 쪽 또는 어두운 쪽 중 어느 쪽을 전경으로 만들지 선택합니다.	Selects whether pixels above or below the cutoff become foreground.
VisionTool.ParameterGuide.Common.ThresholdType.Impact	극성을 바꾸면 전경과 배경이 뒤바뀌어 후보와 개수가 크게 달라질 수 있습니다.	Changing polarity swaps foreground and background and can greatly change candidates and counts.
VisionTool.ParameterGuide.Common.ThresholdType.Check	대상이 흰 전경으로 분리되는지 Preview와 후보 도형에서 확인하세요.	Check that the target becomes white foreground in Preview and candidate drawings.
VisionTool.ParameterGuide.Common.ThresholdValue.Summary	전경과 배경을 나누는 단일 회색조 기준값입니다.	The single gray-value cutoff separating foreground and background.
VisionTool.ParameterGuide.Common.ThresholdValue.Impact	값을 이동하면 선택 밝기 범위와 연결 성분의 크기·개수가 함께 변합니다.	Moving the value changes the selected brightness range and component size and count.
VisionTool.ParameterGuide.Common.ThresholdValue.Check	이진 영상, ResultCount, 면적 분포와 경계 누락·합쳐짐을 확인하세요.	Check the binary image, ResultCount, area distribution, and missing or merged boundaries.
VisionTool.ParameterGuide.Common.InvertResult.Summary	Threshold 또는 Adaptive 결과의 흑백을 최종 반전합니다.	Inverts the final black/white result produced by Threshold or Adaptive processing.
VisionTool.ParameterGuide.Common.InvertResult.Impact	켜면 전경과 배경이 교환되어 후속 객체와 면적이 반대 의미가 됩니다.	On swaps foreground and background, reversing downstream objects and areas.
VisionTool.ParameterGuide.Common.InvertResult.Check	Preview에서 검사 대상만 전경으로 남는지 확인하세요.	In Preview, verify only the inspection target remains foreground.
VisionTool.ParameterGuide.Common.UseAdaptiveThreshold.Summary	주변 블록 밝기를 기준으로 위치별 Threshold를 계산할지 결정합니다.	Controls whether a local threshold is calculated from surrounding brightness.
VisionTool.ParameterGuide.Common.UseAdaptiveThreshold.Impact	조명 편차를 따라가지만 작은 질감과 노이즈도 전경으로 분리할 수 있습니다.	It can follow uneven illumination but may also separate local texture and noise.
VisionTool.ParameterGuide.Common.UseAdaptiveThreshold.Check	밝고 어두운 영역의 같은 대상이 유지되고 배경 얼룩이 늘지 않는지 확인하세요.	Check the same target survives bright and dark regions without adding background blotches.
VisionTool.ParameterGuide.Common.AdaptiveThresholdValue.Summary	Adaptive 결과에 기록하는 최대 출력 밝기입니다.	The maximum output intensity written to the adaptive binary result.
VisionTool.ParameterGuide.Common.AdaptiveThresholdValue.Impact	전경 위치보다 출력 강도와 후속 밝기 기반 처리에 영향을 줍니다.	It affects output intensity and downstream intensity-based processing more than foreground location.
VisionTool.ParameterGuide.Common.AdaptiveThresholdValue.Check	전경 위치와 다음 Step에 전달되는 밝기를 확인하세요.	Check foreground locations and intensity passed to the next Step.
VisionTool.ParameterGuide.Common.AdaptiveResultType.Summary	Adaptive 계산 후 밝은 쪽 또는 어두운 쪽을 전경으로 선택합니다.	Selects the brighter or darker side as foreground after adaptive calculation.
VisionTool.ParameterGuide.Common.AdaptiveResultType.Impact	극성을 바꾸면 로컬 전경과 배경이 교환되어 후보와 면적이 달라집니다.	Changing polarity swaps local foreground and background, altering candidates and areas.
VisionTool.ParameterGuide.Common.AdaptiveResultType.Check	대상 극성, 이진 Preview와 ResultCount를 확인하세요.	Check target polarity, binary Preview, and ResultCount.
VisionTool.ParameterGuide.Common.AdaptiveAlgorithm.Summary	로컬 기준을 단순 평균 또는 Gaussian 가중 평균으로 계산합니다.	Calculates the local cutoff using a mean or Gaussian-weighted mean.
VisionTool.ParameterGuide.Common.AdaptiveAlgorithm.Impact	Gaussian은 중심을 강조하고 Mean은 블록 전체를 균등 반영합니다.	Gaussian emphasizes the center while Mean weights the whole block equally.
VisionTool.ParameterGuide.Common.AdaptiveAlgorithm.Check	대상 경계 보존과 배경 얼룩을 두 방식으로 비교하세요.	Compare target-boundary retention and background blotches between both methods.
VisionTool.ParameterGuide.Common.AdaptiveBlockSize.Summary	각 픽셀의 로컬 기준을 계산하는 홀수 크기 주변 영역입니다.	The odd-sized neighborhood used to calculate each pixel's local cutoff.
VisionTool.ParameterGuide.Common.AdaptiveBlockSize.Impact	크면 넓은 조명 변화를 따르고 작으면 국부 질감과 노이즈에 민감합니다.	Larger follows broad illumination changes; smaller is more sensitive to local texture and noise.
VisionTool.ParameterGuide.Common.AdaptiveBlockSize.Check	최소 특징 보존, 이진 경계와 배경 얼룩을 확인하세요.	Check minimum-feature retention, binary edges, and background blotches.
VisionTool.ParameterGuide.Common.AdaptiveWeight.Summary	로컬 평균 또는 Gaussian 기준에서 빼는 보정값 C입니다.	The correction C subtracted from the local mean or Gaussian cutoff.
VisionTool.ParameterGuide.Common.AdaptiveWeight.Impact	높이면 전경이 일반적으로 넓어지고 낮추면 좁아집니다.	Raising generally expands foreground and lowering contracts it.
VisionTool.ParameterGuide.Common.AdaptiveWeight.Check	전경 면적, 작은 특징과 고립 배경 후보를 확인하세요.	Check foreground area, small features, and isolated background candidates.
VisionTool.ParameterGuide.Common.UseMultiRoi.Summary	한 개 ROI 대신 여러 독립 ROI 목록을 검사할지 결정합니다.	Controls whether the algorithm inspects multiple independent ROIs instead of one.
VisionTool.ParameterGuide.Common.UseMultiRoi.Impact	겹친 ROI는 같은 대상을 여러 번 포함하여 ResultCount를 바꿀 수 있습니다.	Overlapping ROIs can include the same target multiple times and change ResultCount.
VisionTool.ParameterGuide.Common.UseMultiRoi.Check	모든 ROI 도형과 각 영역 후보가 의도한 대상만 포함하는지 확인하세요.	Check every ROI drawing and its candidates include only intended targets.
VisionTool.ParameterGuide.Common.MultiRoi.Summary	검사에 사용할 여러 사각형 영역의 목록입니다.	The list of rectangular regions inspected by the algorithm.
VisionTool.ParameterGuide.Common.MultiRoi.Impact	영역을 추가·이동·축소하면 검사 대상과 ResultCount가 직접 달라집니다.	Adding, moving, or shrinking regions directly changes inspected targets and ResultCount.
VisionTool.ParameterGuide.Common.MultiRoi.Check	각 ROI, 경계에 걸린 대상과 중복 영역을 확인하세요.	Check every ROI, border-clipped targets, and overlaps.
VisionTool.ParameterGuide.Common.UseMasking.Summary	지정한 마스킹 영역을 검사에서 제외할지 결정합니다.	Controls whether configured mask regions are excluded from inspection.
VisionTool.ParameterGuide.Common.UseMasking.Impact	고정 간섭물은 줄지만 실제 불량도 가릴 수 있습니다.	It can reduce fixed interference but may also hide real defects.
VisionTool.ParameterGuide.Common.UseMasking.Check	마스크가 고정 제외 영역만 덮는지 도형으로 확인하세요.	Use drawings to verify masks cover only fixed exclusions.
VisionTool.ParameterGuide.Common.MaskingRegions.Summary	검사 계산에서 제외되는 사각형 영역 목록입니다.	The list of rectangular regions excluded from inspection.
VisionTool.ParameterGuide.Common.MaskingRegions.Impact	마스크를 넓히면 간섭 후보와 검사 가능한 면적이 함께 줄어듭니다.	Expanding masks reduces both interference candidates and inspectable area.
VisionTool.ParameterGuide.Common.MaskingRegions.Check	마스크 도형과 제외 전후 후보 위치·ResultCount를 비교하세요.	Compare mask drawings, candidate locations, and ResultCount before and after exclusion.
VisionTool.ParameterGuide.Object.MinArea.Summary	개별 Blob/Contour가 합격 후보로 남기 위한 최소 픽셀 면적입니다.	The minimum pixel area an individual Blob or Contour needs to remain accepted.
VisionTool.ParameterGuide.Object.MinArea.Impact	높이면 작은 노이즈를 제거하지만 작은 정상 대상도 제외합니다.	Raising removes small noise but can reject small valid targets.
VisionTool.ParameterGuide.Object.MinArea.Check	Accepted/Rejected 객체 행, 면적, 거부 사유와 ResultCount를 확인하세요.	Check Accepted/Rejected object rows, area, reject reason, and ResultCount.
VisionTool.ParameterGuide.Object.MaxArea.Summary	개별 Blob/Contour가 합격 후보로 남을 수 있는 최대 픽셀 면적입니다.	The maximum pixel area an individual Blob or Contour may have to remain accepted.
VisionTool.ParameterGuide.Object.MaxArea.Impact	낮추면 합쳐진 큰 영역을 제외하지만 큰 정상 대상도 거부합니다.	Lowering rejects merged large regions but can reject large valid targets.
VisionTool.ParameterGuide.Object.MaxArea.Check	큰 후보 도형, 면적, `Area > MAX_AREA` 사유와 ResultCount를 확인하세요.	Check large-candidate drawings, area, the `Area > MAX_AREA` reason, and ResultCount.
VisionTool.ParameterGuide.Object.MinWidth.Summary	축 정렬 바운딩 박스 폭의 최소 통과값입니다.	The minimum passing value for axis-aligned bounding-box width.
VisionTool.ParameterGuide.Object.MinWidth.Impact	높이면 가는 노이즈를 제외하지만 좁은 정상 대상도 거부합니다.	Raising rejects narrow noise but can reject narrow valid targets.
VisionTool.ParameterGuide.Object.MinWidth.Check	객체 행의 Bounds 폭, 박스 도형과 폭 거부 사유를 확인하세요.	Check object-row Bounds width, box drawings, and the width reject reason.
VisionTool.ParameterGuide.Object.MaxWidth.Summary	축 정렬 바운딩 박스 폭의 최대 통과값입니다.	The maximum passing value for axis-aligned bounding-box width.
VisionTool.ParameterGuide.Object.MaxWidth.Impact	낮추면 수평으로 합쳐진 후보를 제외하지만 넓은 정상 대상도 거부합니다.	Lowering rejects horizontally merged candidates but can reject wide valid targets.
VisionTool.ParameterGuide.Object.MaxWidth.Check	Bounds 폭, 도형과 `Width > MAX_WIDTH` 사유를 확인하세요.	Check Bounds width, drawings, and the `Width > MAX_WIDTH` reason.
VisionTool.ParameterGuide.Object.MinHeight.Summary	축 정렬 바운딩 박스 높이의 최소 통과값입니다.	The minimum passing value for axis-aligned bounding-box height.
VisionTool.ParameterGuide.Object.MinHeight.Impact	높이면 낮은 노이즈를 제외하지만 얕은 정상 대상도 거부합니다.	Raising rejects short noise but can reject shallow valid targets.
VisionTool.ParameterGuide.Object.MinHeight.Check	객체 행의 Bounds 높이, 박스 도형과 높이 거부 사유를 확인하세요.	Check object-row Bounds height, box drawings, and the height reject reason.
VisionTool.ParameterGuide.Object.MaxHeight.Summary	축 정렬 바운딩 박스 높이의 최대 통과값입니다.	The maximum passing value for axis-aligned bounding-box height.
VisionTool.ParameterGuide.Object.MaxHeight.Impact	낮추면 수직으로 합쳐진 후보를 제외하지만 높은 정상 대상도 거부합니다.	Lowering rejects vertically merged candidates but can reject tall valid targets.
VisionTool.ParameterGuide.Object.MaxHeight.Check	Bounds 높이, 도형과 `Height > MAX_HEIGHT` 사유를 확인하세요.	Check Bounds height, drawings, and the `Height > MAX_HEIGHT` reason.
VisionTool.ParameterGuide.Contour.UseApproxPoly.Summary	검출 윤곽을 Douglas-Peucker 방식으로 한 번 더 단순화할지 결정합니다.	Controls whether detected contours receive additional Douglas-Peucker simplification.
VisionTool.ParameterGuide.Contour.UseApproxPoly.Impact	켜면 점 수가 줄지만 작은 굴곡과 결함 모양이 사라질 수 있습니다.	On reduces point count but can remove small bends and defect details.
VisionTool.ParameterGuide.Contour.UseApproxPoly.Check	윤곽 꼭짓점, 원본 경계 차이와 면적을 확인하세요.	Check contour vertices, deviation from the source boundary, and area.
VisionTool.ParameterGuide.Contour.DrawMode.Summary	결과를 실제 윤곽선 또는 축 정렬 바운딩 박스로 표시합니다.	Draws results as actual contour outlines or axis-aligned bounding boxes.
VisionTool.ParameterGuide.Contour.DrawMode.Impact	표시 방식만 바뀌며 합격 판정과 ResultCount는 바뀌지 않습니다.	It changes visualization only, not acceptance or ResultCount.
VisionTool.ParameterGuide.Contour.DrawMode.Check	선택한 표시가 객체 행과 같은 후보를 가리키는지 확인하세요.	Verify the selected drawing style points to the same candidates as the object rows.
VisionTool.ParameterGuide.Contour.ApproximationMode.Summary	FindContours가 윤곽점을 저장하는 밀도와 압축 방식을 선택합니다.	Selects how densely FindContours stores and compresses contour points.
VisionTool.ParameterGuide.Contour.ApproximationMode.Impact	단순한 방식은 점과 처리량을 줄이지만 세밀한 경계 정보가 줄어듭니다.	Simpler modes reduce points and processing but may remove detailed boundary information.
VisionTool.ParameterGuide.Contour.ApproximationMode.Check	윤곽점 밀도, 코너 보존, 처리 시간과 면적을 비교하세요.	Compare contour-point density, corner retention, runtime, and area.
VisionTool.ParameterGuide.Contour.RetrievalMode.Summary	외곽 윤곽만 찾을지 내부 계층과 구멍까지 검색할지 결정합니다.	Controls whether retrieval keeps only external contours or also internal hierarchy and holes.
VisionTool.ParameterGuide.Contour.RetrievalMode.Impact	계층을 포함하면 내부 후보가 늘어 ResultCount와 중첩 형상 해석이 달라집니다.	Including hierarchy adds internal candidates and changes ResultCount and nested-shape interpretation.
VisionTool.ParameterGuide.Contour.RetrievalMode.Check	외곽·내부 윤곽 도형, 중심, 면적과 ResultCount를 확인하세요.	Check external/internal drawings, centers, areas, and ResultCount.
VisionTool.ParameterGuide.Contour.Epsilon.Summary	추가 다각형 근사에서 원래 윤곽으로부터 허용하는 상대 오차입니다.	The relative deviation allowed from the source contour during additional polygon approximation.
VisionTool.ParameterGuide.Contour.Epsilon.Impact	높이면 꼭짓점이 줄고 단순해지며 낮추면 원래 경계와 노이즈를 더 따릅니다.	Raising reduces vertices and simplifies shape; lowering follows the source boundary and noise more closely.
VisionTool.ParameterGuide.Contour.Epsilon.Check	원본 대비 근사 도형, 꼭짓점과 작은 결함 보존을 확인하세요.	Check the approximated drawing, vertices, and small-defect retention against the source.
VisionTool.ParameterGuide.Contour.DrawColor.Summary	Preview와 Run에서 Contour 오버레이에 사용할 색상입니다.	The color used for Contour overlays in Preview and Run.
VisionTool.ParameterGuide.Contour.DrawColor.Impact	표시 색상만 바뀌며 검출과 판정은 바뀌지 않습니다.	It changes display color only, not detection or acceptance.
VisionTool.ParameterGuide.Contour.DrawColor.Check	배경과 구분되고 선택 객체 도형을 읽기 쉬운지 확인하세요.	Check it contrasts with the image and keeps selected-object drawings readable.
VisionTool.ParameterGuide.Contour.DrawThickness.Summary	Contour 결과 오버레이 선의 픽셀 두께입니다.	The pixel thickness of Contour result overlay lines.
VisionTool.ParameterGuide.Contour.DrawThickness.Impact	높이면 잘 보이지만 작은 대상 내부를 가릴 수 있습니다.	Raising improves visibility but may cover small targets.
VisionTool.ParameterGuide.Contour.DrawThickness.Check	작은 후보 경계를 가리지 않으면서 선이 식별되는지 확인하세요.	Check lines remain identifiable without obscuring small candidate boundaries.
VisionTool.ParameterGuide.Threshold.Mode.Summary	단일 기준, 밝기 범위, 위치별 Adaptive 중 사용할 방식을 선택합니다.	Selects single-cutoff, brightness-range, or local Adaptive thresholding.
VisionTool.ParameterGuide.Threshold.Mode.Impact	모드를 바꾸면 활성 파라미터와 전경 생성 규칙이 함께 바뀝니다.	Changing mode changes active parameters and the foreground-generation rule.
VisionTool.ParameterGuide.Threshold.Mode.Check	동일 샘플의 이진 Preview, 대상 보존, 노이즈와 ResultCount를 비교하세요.	Compare binary Preview, target retention, noise, and ResultCount on the same sample.
VisionTool.ParameterGuide.Threshold.Value.Summary	Basic 모드에서 밝은 픽셀과 어두운 픽셀을 나누는 기준값입니다.	The gray-value cutoff separating bright and dark pixels in Basic mode.
VisionTool.ParameterGuide.Threshold.Value.Impact	값을 이동하면 전경 경계, 연결 상태와 후속 객체 면적·개수가 변합니다.	Moving it changes foreground boundaries, connectivity, and downstream object areas and counts.
VisionTool.ParameterGuide.Threshold.Value.Check	히스토그램 분리 위치, 이진 경계, ResultCount와 면적을 확인하세요.	Check histogram separation, binary boundaries, ResultCount, and areas.
VisionTool.ParameterGuide.Threshold.MaxValue.Summary	전경으로 분류한 픽셀에 기록하는 출력 밝기입니다.	The output intensity written to pixels classified as foreground.
VisionTool.ParameterGuide.Threshold.MaxValue.Impact	전경 위치보다 출력 강도와 후속 밝기 기반 Step에 영향을 줍니다.	It affects foreground intensity and downstream intensity-based Steps more than location.
VisionTool.ParameterGuide.Threshold.MaxValue.Check	전경 위치와 다음 Step에 전달되는 밝기 범위를 확인하세요.	Check foreground locations and the intensity range passed to the next Step.
VisionTool.ParameterGuide.Threshold.ResultType.Summary	Basic 모드에서 밝은 쪽 또는 어두운 쪽을 전경으로 선택합니다.	Selects whether pixels above or below the cutoff become foreground in Basic mode.
VisionTool.ParameterGuide.Threshold.ResultType.Impact	극성을 바꾸면 대상과 배경이 교환되어 후속 후보가 완전히 달라질 수 있습니다.	Changing polarity swaps target and background and can completely change downstream candidates.
VisionTool.ParameterGuide.Threshold.ResultType.Check	대상이 흰 전경인지 이진 Preview와 객체 도형에서 확인하세요.	Verify the target is white foreground in binary Preview and object drawings.
VisionTool.ParameterGuide.Threshold.RangeMin.Summary	Range 모드에서 유지할 밝기 구간의 포함 하한입니다.	The inclusive lower gray-value bound retained in Range mode.
VisionTool.ParameterGuide.Threshold.RangeMin.Impact	높이면 어두운 픽셀이 제외되고 낮추면 어두운 배경이나 음영이 포함됩니다.	Raising excludes darker pixels; lowering includes darker background or shading.
VisionTool.ParameterGuide.Threshold.RangeMin.Check	대상의 어두운 부분 보존과 배경 포함 여부를 확인하세요.	Check retention of darker target regions and background inclusion.
VisionTool.ParameterGuide.Threshold.RangeMax.Summary	Range 모드에서 유지할 밝기 구간의 포함 상한입니다.	The inclusive upper gray-value bound retained in Range mode.
VisionTool.ParameterGuide.Threshold.RangeMax.Impact	낮추면 밝은 픽셀이 제외되고 높이면 반사나 밝은 배경이 포함될 수 있습니다.	Lowering excludes brighter pixels; raising can include highlights or bright background.
VisionTool.ParameterGuide.Threshold.RangeMax.Check	대상의 밝은 부분 보존과 반사광 포함 여부를 확인하세요.	Check retention of bright target regions and highlight inclusion.
VisionTool.ParameterGuide.Threshold.RangeInvert.Summary	Range 구간 안쪽 대신 바깥쪽 밝기를 전경으로 선택합니다.	Selects gray values outside the configured range instead of values inside it.
VisionTool.ParameterGuide.Threshold.RangeInvert.Impact	켜면 선택 집합이 반대로 바뀌어 전경 면적과 연결 성분이 크게 달라집니다.	On reverses the selected set, greatly changing foreground area and connectivity.
VisionTool.ParameterGuide.Threshold.RangeInvert.Check	Preview에서 의도한 안쪽 또는 바깥쪽만 전경인지 확인하세요.	In Preview, verify only the intended inside or outside range is foreground.
VisionTool.ParameterGuide.Threshold.AdaptiveMethod.Summary	Adaptive 기준을 로컬 Mean 또는 Gaussian 가중 평균으로 계산합니다.	Calculates the Adaptive cutoff using local Mean or Gaussian weighting.
VisionTool.ParameterGuide.Threshold.AdaptiveMethod.Impact	Gaussian은 중심을 강조하고 Mean은 블록 전체를 균등 반영합니다.	Gaussian emphasizes the center while Mean weights the block equally.
VisionTool.ParameterGuide.Threshold.AdaptiveMethod.Check	조명 편차 구간의 경계 보존과 배경 얼룩을 비교하세요.	Compare edge retention and background blotches in unevenly lit regions.
VisionTool.ParameterGuide.Threshold.AdaptiveResultType.Summary	Adaptive 계산 후 밝은 쪽 또는 어두운 쪽을 전경으로 선택합니다.	Selects the bright or dark side as foreground after Adaptive calculation.
VisionTool.ParameterGuide.Threshold.AdaptiveResultType.Impact	극성을 바꾸면 로컬 전경과 배경이 교환되어 후보와 면적이 달라집니다.	Changing polarity swaps local foreground and background, altering candidates and areas.
VisionTool.ParameterGuide.Threshold.AdaptiveResultType.Check	대상 극성, 이진 Preview와 후속 객체 도형을 확인하세요.	Check target polarity, binary Preview, and downstream object drawings.
VisionTool.ParameterGuide.Threshold.BlockSize.Summary	Adaptive 기준을 계산하는 홀수 크기 로컬 영역입니다.	The odd-sized local neighborhood used to calculate the Adaptive cutoff.
VisionTool.ParameterGuide.Threshold.BlockSize.Impact	크면 넓은 조명 편차를 따르고 작으면 국부 질감과 노이즈에 민감합니다.	Larger follows broad illumination variation; smaller is sensitive to local texture and noise.
VisionTool.ParameterGuide.Threshold.BlockSize.Check	최소 특징 보존, 배경 얼룩과 밝기 편차 구간의 일관성을 확인하세요.	Check minimum-feature retention, background blotches, and consistency across illumination changes.
VisionTool.ParameterGuide.Threshold.Weight.Summary	Adaptive 로컬 기준에서 빼는 보정값 C입니다.	The correction C subtracted from the Adaptive local cutoff.
VisionTool.ParameterGuide.Threshold.Weight.Impact	높이면 전경이 일반적으로 넓어지고 낮추면 좁아집니다.	Raising generally expands foreground and lowering contracts it.
VisionTool.ParameterGuide.Threshold.Weight.Check	전경 면적, 작은 특징과 고립된 배경 후보를 확인하세요.	Check foreground area, small features, and isolated background candidates.
VisionTool.ParameterGuide.Morphology.Operator.Summary	침식·팽창·열림·닫힘 등 적용할 모폴로지 연산을 선택합니다.	Selects the morphology operation such as erode, dilate, open, or close.
VisionTool.ParameterGuide.Morphology.Operator.Impact	연산에 따라 전경이 줄거나 늘고 노이즈 제거·구멍 메우기·경계 추출 효과가 달라집니다.	The operation changes foreground size and noise removal, hole filling, or boundary extraction.
VisionTool.ParameterGuide.Morphology.Operator.Check	입출력 Preview의 연결, 작은 결함 보존과 후속 ResultCount를 확인하세요.	Compare input/output Preview for connectivity, small-defect retention, and downstream ResultCount.
VisionTool.ParameterGuide.Morphology.Shape.Summary	모폴로지 커널의 사각·타원·십자 이웃 형상을 선택합니다.	Selects the rectangular, elliptical, or cross-shaped morphology neighborhood.
VisionTool.ParameterGuide.Morphology.Shape.Impact	형상에 따라 코너, 대각선과 가는 구조가 제거되거나 연결되는 방향성이 달라집니다.	The shape changes how corners, diagonals, and thin structures are removed or connected.
VisionTool.ParameterGuide.Morphology.Shape.Check	대상의 코너·대각선·가는 선이 출력 Preview에서 보존되는지 확인하세요.	In output Preview, verify target corners, diagonals, and thin lines are preserved.
VisionTool.ParameterGuide.Morphology.KernelWidth.Summary	모폴로지 커널의 수평 픽셀 크기입니다.	The horizontal pixel size of the morphology kernel.
VisionTool.ParameterGuide.Morphology.KernelWidth.Impact	높이면 수평 방향 효과가 강해지지만 좁은 대상이나 결함이 사라질 수 있습니다.	Raising strengthens horizontal effects but can erase narrow targets or defects.
VisionTool.ParameterGuide.Morphology.KernelWidth.Check	수평 간격, 대상 폭과 작은 결함을 출력 Preview에서 확인하세요.	Check horizontal gaps, target width, and small defects in output Preview.
VisionTool.ParameterGuide.Morphology.KernelHeight.Summary	모폴로지 커널의 수직 픽셀 크기입니다.	The vertical pixel size of the morphology kernel.
VisionTool.ParameterGuide.Morphology.KernelHeight.Impact	높이면 수직 방향 효과가 강해지지만 낮은 대상이나 결함이 사라질 수 있습니다.	Raising strengthens vertical effects but can erase short targets or defects.
VisionTool.ParameterGuide.Morphology.KernelHeight.Check	수직 간격, 대상 높이와 작은 결함을 출력 Preview에서 확인하세요.	Check vertical gaps, target height, and small defects in output Preview.
VisionTool.ParameterGuide.Morphology.Iterations.Summary	선택한 모폴로지 연산을 연속 적용하는 횟수입니다.	The number of consecutive applications of the selected morphology operation.
VisionTool.ParameterGuide.Morphology.Iterations.Impact	늘리면 효과가 누적되어 정리가 강해지지만 형상 손실도 커집니다.	Increasing accumulates the effect, strengthening cleanup but increasing shape loss.
VisionTool.ParameterGuide.Morphology.Iterations.Check	반복 수별 출력 경계, 작은 특징과 후속 ResultCount를 비교하세요.	Compare output boundaries, small features, and downstream ResultCount at each iteration count.
VisionTool.ParameterGuide.Filter.Type.Summary	평균·Gaussian·Median·Bilateral·Box 중 적용할 평활화 방식을 선택합니다.	Selects the smoothing method: average, Gaussian, Median, Bilateral, or Box.
VisionTool.ParameterGuide.Filter.Type.Impact	방식에 따라 노이즈 제거, 경계 보존, 처리 시간과 활성 파라미터가 달라집니다.	The method changes noise removal, edge preservation, runtime, and active parameters.
VisionTool.ParameterGuide.Filter.Type.Check	입출력 노이즈, 경계 선명도와 후속 Threshold/Edge 결과를 비교하세요.	Compare input/output noise, edge sharpness, and downstream Threshold or Edge results.
VisionTool.ParameterGuide.Filter.KernelWidth.Summary	Blur·Gaussian·Box 필터가 수평으로 집계하는 픽셀 폭입니다.	The horizontal pixel span aggregated by Blur, Gaussian, or Box filtering.
VisionTool.ParameterGuide.Filter.KernelWidth.Impact	높이면 수평 노이즈가 더 줄지만 수직 경계와 좁은 특징이 흐려집니다.	Raising suppresses more horizontal noise but blurs vertical edges and narrow features.
VisionTool.ParameterGuide.Filter.KernelWidth.Check	수직 경계, 좁은 특징과 후속 검출 안정성을 확인하세요.	Check vertical edges, narrow features, and downstream detection stability.
VisionTool.ParameterGuide.Filter.KernelHeight.Summary	Blur·Gaussian·Box 필터가 수직으로 집계하는 픽셀 높이입니다.	The vertical pixel span aggregated by Blur, Gaussian, or Box filtering.
VisionTool.ParameterGuide.Filter.KernelHeight.Impact	높이면 수직 노이즈가 더 줄지만 수평 경계와 낮은 특징이 흐려집니다.	Raising suppresses more vertical noise but blurs horizontal edges and short features.
VisionTool.ParameterGuide.Filter.KernelHeight.Check	수평 경계, 낮은 특징과 후속 검출 안정성을 확인하세요.	Check horizontal edges, short features, and downstream detection stability.
VisionTool.ParameterGuide.Filter.MedianKernel.Summary	Median 필터가 중앙값을 구하는 홀수 크기 이웃입니다.	The odd-sized neighborhood from which Median filtering selects the middle value.
VisionTool.ParameterGuide.Filter.MedianKernel.Impact	크면 점 노이즈 제거가 강해지지만 작은 구조와 모서리가 손실될 수 있습니다.	Larger removes impulse noise more strongly but can remove small structures and corners.
VisionTool.ParameterGuide.Filter.MedianKernel.Check	점 노이즈 감소, 모서리와 최소 특징 보존을 확인하세요.	Check impulse-noise removal and retention of corners and minimum features.
VisionTool.ParameterGuide.Filter.Diameter.Summary	Bilateral 필터가 참조하는 주변 픽셀 이웃의 지름입니다.	The diameter of the pixel neighborhood considered by Bilateral filtering.
VisionTool.ParameterGuide.Filter.Diameter.Impact	높이면 더 넓게 평활화하고 느려지며 낮추면 효과 범위와 계산량이 줄어듭니다.	Raising smooths a wider neighborhood and is slower; lowering reduces effect range and computation.
VisionTool.ParameterGuide.Filter.Diameter.Check	처리 시간, 넓은 노이즈 영역과 경계 보존을 확인하세요.	Check runtime, broad noisy areas, and edge retention.
VisionTool.ParameterGuide.Filter.SigmaColor.Summary	Bilateral 필터가 서로 비슷한 밝기로 판단하는 밝기 차이 범위입니다.	The intensity-difference range Bilateral filtering treats as similar.
VisionTool.ParameterGuide.Filter.SigmaColor.Impact	높이면 밝기 차이가 큰 픽셀도 섞여 노이즈는 줄지만 경계가 흐려질 수 있습니다.	Raising mixes larger intensity differences, reducing noise but potentially blurring edges.
VisionTool.ParameterGuide.Filter.SigmaColor.Check	대상/배경 ΔGV와 내부 노이즈 감소를 출력 Preview에서 비교하세요.	Compare target/background ΔGV and internal noise reduction in output Preview.
VisionTool.ParameterGuide.Filter.SigmaSpace.Summary	Bilateral 필터에서 공간적으로 영향을 주는 픽셀 거리 범위입니다.	The spatial distance range over which pixels influence Bilateral filtering.
VisionTool.ParameterGuide.Filter.SigmaSpace.Impact	높이면 멀리 있는 픽셀까지 참여하고 낮추면 국부 영역에만 영향이 제한됩니다.	Raising lets farther pixels contribute; lowering confines influence locally.
VisionTool.ParameterGuide.Filter.SigmaSpace.Check	가까운 작은 특징 보존과 넓은 영역의 노이즈 감소를 비교하세요.	Compare preservation of nearby small features with noise reduction over broad regions.
VisionTool.ParameterGuide.Filter.BorderType.Summary	커널이 이미지 가장자리를 넘을 때 바깥 픽셀을 만드는 방식입니다.	Selects how pixels outside the image are synthesized when the kernel crosses a border.
VisionTool.ParameterGuide.Filter.BorderType.Impact	방식에 따라 테두리 주변 밝기와 후속 경계·Blob 후보가 달라질 수 있습니다.	The mode can change border-region intensity and downstream edge or Blob candidates.
VisionTool.ParameterGuide.Filter.BorderType.Check	이미지 외곽의 인공 선, 번짐과 테두리 후보를 확인하세요.	Check for artificial lines, smearing, and candidates near image borders.
VisionTool.ParameterGuide.EdgeDetection.Type.Summary	Canny·Sobel·Scharr·Laplacian 중 사용할 엣지 계산 방식을 선택합니다.	Selects the edge calculation method: Canny, Sobel, Scharr, or Laplacian.
VisionTool.ParameterGuide.EdgeDetection.Type.Impact	방식에 따라 출력이 이진 엣지 또는 미분 강도 영상이 되고 활성 파라미터도 바뀝니다.	The method changes the output between binary edges and derivative-magnitude images and changes the active parameters.
VisionTool.ParameterGuide.EdgeDetection.Type.Check	동일 샘플에서 엣지 위치·연속성·두께, EdgePointCount와 후속 Contour/Line 안정성을 비교하세요.	On the same samples, compare edge location, continuity, thickness, EdgePointCount, and downstream Contour or Line stability.
VisionTool.ParameterGuide.EdgeDetection.CannyLow.Summary	Canny에서 강한 엣지에 연결된 약한 엣지를 유지할지 결정하는 낮은 밝기 기울기 기준입니다.	The lower Canny gradient threshold deciding which weak edges connected to strong edges are retained.
VisionTool.ParameterGuide.EdgeDetection.CannyLow.Impact	낮추면 약한 경계가 더 이어지지만 질감과 노이즈 엣지도 늘고, 높이면 약한 경계가 끊길 수 있습니다.	Lower values connect more weak boundaries but add texture and noise edges; higher values can break weak boundaries.
VisionTool.ParameterGuide.EdgeDetection.CannyLow.Check	의도한 경계의 끊김, 배경 노이즈, EdgePointCount와 후속 검출 결과를 확인하세요.	Check intended-boundary breaks, background noise, EdgePointCount, and downstream detection results.
VisionTool.ParameterGuide.EdgeDetection.CannyHigh.Summary	Canny 이력 임계처리에서 강한 엣지 시작점을 정하는 높은 밝기 기울기 기준입니다.	The upper Canny gradient threshold that defines strong edge seeds for hysteresis.
VisionTool.ParameterGuide.EdgeDetection.CannyHigh.Impact	높이면 확실한 경계만 시작점이 되어 오검출은 줄지만 저대비 경계를 놓칠 수 있습니다.	Raising keeps only stronger seeds, reducing false edges but potentially missing low-contrast boundaries.
VisionTool.ParameterGuide.EdgeDetection.CannyHigh.Check	Low보다 크거나 같은지 확인하고 저대비 경계 보존, 노이즈와 엣지 연속성을 비교하세요.	Verify it is not below Low, then compare low-contrast retention, noise, and edge continuity.
VisionTool.ParameterGuide.EdgeDetection.CannyAperture.Summary	Canny 내부 기울기 계산에 사용하는 Sobel aperture 크기이며 런타임은 3·5·7만 사용합니다.	The Sobel aperture used inside Canny; runtime uses only 3, 5, or 7.
VisionTool.ParameterGuide.EdgeDetection.CannyAperture.Impact	크면 넓은 이웃을 반영해 노이즈에는 덜 민감하지만 미세 경계 위치와 두께가 달라질 수 있습니다.	Larger apertures use a wider neighborhood and are less noise-sensitive, but can change fine-edge location and thickness.
VisionTool.ParameterGuide.EdgeDetection.CannyAperture.Check	3·5·7 중에서 최소 특징 보존, 엣지 위치·두께와 처리 시간을 비교하세요.	Among 3, 5, and 7, compare minimum-feature retention, edge location and thickness, and runtime.
VisionTool.ParameterGuide.EdgeDetection.UseL2.Summary	Canny 기울기 크기를 정확한 L2 방식으로 계산할지 L1 근사로 계산할지 선택합니다.	Selects exact L2 gradient magnitude instead of the L1 approximation in Canny.
VisionTool.ParameterGuide.EdgeDetection.UseL2.Impact	켜면 경계선 근처 기울기 크기가 더 정확해져 임계값 부근 엣지와 처리 시간이 달라질 수 있습니다.	Enabling gives more accurate gradient magnitude, which can change near-threshold edges and runtime.
VisionTool.ParameterGuide.EdgeDetection.UseL2.Check	동일 Low/High에서 경계 연속성, 불필요한 엣지와 처리 시간을 켜기 전후로 비교하세요.	With the same Low and High values, compare continuity, unwanted edges, and runtime on and off.
VisionTool.ParameterGuide.EdgeDetection.SobelX.Summary	Sobel의 X 방향 미분 차수이며 X 밝기 변화에 반응해 주로 수직 경계를 강조합니다.	The Sobel derivative order in X, responding to X intensity changes and mainly emphasizing vertical edges.
VisionTool.ParameterGuide.EdgeDetection.SobelX.Impact	차수를 높이면 더 빠른 밝기 변화를 강조하지만 노이즈와 미세 질감에도 민감해집니다.	Higher order emphasizes faster intensity variation but becomes more sensitive to noise and fine texture.
VisionTool.ParameterGuide.EdgeDetection.SobelX.Check	Y와 동시에 0이 아닌지 확인하고 의도한 수직·대각 경계의 위치와 연속성을 확인하세요.	Verify X and Y are not both zero, then check the location and continuity of intended vertical and diagonal boundaries.
VisionTool.ParameterGuide.EdgeDetection.SobelY.Summary	Sobel의 Y 방향 미분 차수이며 Y 밝기 변화에 반응해 주로 수평 경계를 강조합니다.	The Sobel derivative order in Y, responding to Y intensity changes and mainly emphasizing horizontal edges.
VisionTool.ParameterGuide.EdgeDetection.SobelY.Impact	차수를 높이면 더 빠른 밝기 변화를 강조하지만 노이즈와 미세 질감에도 민감해집니다.	Higher order emphasizes faster intensity variation but becomes more sensitive to noise and fine texture.
VisionTool.ParameterGuide.EdgeDetection.SobelY.Check	X와 동시에 0이 아닌지 확인하고 의도한 수평·대각 경계의 위치와 연속성을 확인하세요.	Verify X and Y are not both zero, then check the location and continuity of intended horizontal and diagonal boundaries.
VisionTool.ParameterGuide.EdgeDetection.SobelKernel.Summary	Sobel 미분에 사용하는 홀수 크기 커널이며 런타임 범위는 1..31입니다.	The odd-sized kernel used for Sobel derivatives; the runtime range is 1 through 31.
VisionTool.ParameterGuide.EdgeDetection.SobelKernel.Impact	크면 기울기 계산이 넓게 평활화되어 노이즈는 줄지만 좁은 특징과 위치 정밀도가 손실될 수 있습니다.	Larger kernels smooth gradients over a wider area, reducing noise but potentially losing narrow features and localization precision.
VisionTool.ParameterGuide.EdgeDetection.SobelKernel.Check	홀수 값인지 확인하고 최소 특징, 엣지 위치·두께, EdgePointCount와 처리 시간을 비교하세요.	Verify an odd value, then compare minimum features, edge location and thickness, EdgePointCount, and runtime.
VisionTool.ParameterGuide.EdgeDetection.ScharrX.Summary	Scharr의 X 방향 1차 미분 선택값이며 X 변화에 반응해 주로 수직 경계를 강조합니다.	The Scharr first-derivative selector in X, responding to X changes and mainly emphasizing vertical edges.
VisionTool.ParameterGuide.EdgeDetection.ScharrX.Impact	런타임은 0 또는 1로 제한하며 고정 3x3 Scharr 커널로 작은 커널의 방향 정확도를 높입니다.	Runtime limits the value to 0 or 1 and uses the fixed 3x3 Scharr kernel for improved small-kernel directional accuracy.
VisionTool.ParameterGuide.EdgeDetection.ScharrX.Check	Y와 동시에 0이 아닌지, 값이 0/1인지 확인하고 수직·대각 경계와 노이즈를 확인하세요.	Verify X and Y are not both zero and the value is 0 or 1, then inspect vertical and diagonal boundaries and noise.
VisionTool.ParameterGuide.EdgeDetection.ScharrY.Summary	Scharr의 Y 방향 1차 미분 선택값이며 Y 변화에 반응해 주로 수평 경계를 강조합니다.	The Scharr first-derivative selector in Y, responding to Y changes and mainly emphasizing horizontal edges.
VisionTool.ParameterGuide.EdgeDetection.ScharrY.Impact	런타임은 0 또는 1로 제한하며 고정 3x3 Scharr 커널로 작은 커널의 방향 정확도를 높입니다.	Runtime limits the value to 0 or 1 and uses the fixed 3x3 Scharr kernel for improved small-kernel directional accuracy.
VisionTool.ParameterGuide.EdgeDetection.ScharrY.Check	X와 동시에 0이 아닌지, 값이 0/1인지 확인하고 수평·대각 경계와 노이즈를 확인하세요.	Verify X and Y are not both zero and the value is 0 or 1, then inspect horizontal and diagonal boundaries and noise.
VisionTool.ParameterGuide.EdgeDetection.LaplacianKernel.Summary	모든 방향의 2차 밝기 변화를 계산하는 Laplacian 홀수 커널 크기입니다.	The odd-sized Laplacian kernel used to calculate second-order intensity change in all directions.
VisionTool.ParameterGuide.EdgeDetection.LaplacianKernel.Impact	크면 더 넓은 구조에 반응하지만 이중 경계, 노이즈 반응, 미세 특징과 처리 시간이 달라질 수 있습니다.	Larger kernels respond over broader structures but can change double edges, noise response, fine features, and runtime.
VisionTool.ParameterGuide.EdgeDetection.LaplacianKernel.Check	홀수 값인지 확인하고 엣지 위치·이중선·노이즈, 최소 특징과 후속 Contour 안정성을 확인하세요.	Verify an odd value, then inspect edge location, double lines, noise, minimum features, and downstream Contour stability.
VisionTool.ParameterGuide.RotateScale.Angle.Summary	크기 조정 후 영상 중심을 기준으로 적용하는 회전 각도입니다.	The rotation angle applied around the image center after scaling.
VisionTool.ParameterGuide.RotateScale.Angle.Impact	양수는 반시계 방향으로 회전하며 출력 캔버스 크기는 유지되어 모서리가 잘리거나 외곽 픽셀이 생길 수 있습니다.	Positive values rotate counterclockwise; the output canvas size stays fixed, so corners can be clipped and border pixels can appear.
VisionTool.ParameterGuide.RotateScale.Angle.Check	Preview에서 기준 특징의 방향·중심, 잘린 모서리, 외곽 띠와 후속 고정 ROI 위치를 확인하세요.	In Preview, check reference-feature direction and center, clipped corners, border bands, and downstream fixed-ROI position.
VisionTool.ParameterGuide.RotateScale.ScaleX.Summary	출력 영상 폭을 원본 폭의 백분율로 조정하는 수평 배율입니다.	The horizontal scale that sets output width as a percentage of source width.
VisionTool.ParameterGuide.RotateScale.ScaleX.Impact	100보다 크면 폭이 늘고 작으면 줄며, Y와 다르면 형상 비율과 측정·매칭 조건이 왜곡됩니다.	Above 100 enlarges width and below 100 reduces it; differing from Y distorts aspect ratio and measurement or matching conditions.
VisionTool.ParameterGuide.RotateScale.ScaleX.Check	0보다 큰지 확인하고 ResultImageWidth, 대상 폭·종횡비와 후속 ROI/Matching 위치를 확인하세요.	Verify it is greater than zero, then check ResultImageWidth, target width and aspect ratio, and downstream ROI or Matching location.
VisionTool.ParameterGuide.RotateScale.ScaleY.Summary	출력 영상 높이를 원본 높이의 백분율로 조정하는 수직 배율입니다.	The vertical scale that sets output height as a percentage of source height.
VisionTool.ParameterGuide.RotateScale.ScaleY.Impact	100보다 크면 높이가 늘고 작으면 줄며, X와 다르면 형상 비율과 측정·매칭 조건이 왜곡됩니다.	Above 100 enlarges height and below 100 reduces it; differing from X distorts aspect ratio and measurement or matching conditions.
VisionTool.ParameterGuide.RotateScale.ScaleY.Check	0보다 큰지 확인하고 ResultImageHeight, 대상 높이·종횡비와 후속 ROI/Matching 위치를 확인하세요.	Verify it is greater than zero, then check ResultImageHeight, target height and aspect ratio, and downstream ROI or Matching location.
VisionTool.ParameterGuide.RotateScale.Interpolation.Summary	크기 조정과 회전에서 새 픽셀 값을 계산하는 보간 방식입니다.	The interpolation method used to calculate new pixel values during scaling and rotation.
VisionTool.ParameterGuide.RotateScale.Interpolation.Impact	Nearest는 값 경계를 보존하지만 계단 현상이 생기고, Linear는 기본 균형, Area는 축소, Cubic/Lanczos는 선명도와 처리 시간의 균형이 달라집니다.	Nearest preserves value boundaries but can look jagged; Linear is balanced, Area suits reduction, and Cubic or Lanczos trade sharpness for runtime.
VisionTool.ParameterGuide.RotateScale.Interpolation.Check	입력과 Preview의 미세 경계·회색값 변화·링잉, 처리 시간과 후속 Threshold/Edge 안정성을 비교하세요.	Compare fine edges, gray-value changes, ringing, runtime, and downstream Threshold or Edge stability between input and Preview.
VisionTool.ParameterGuide.RotateScale.Border.Summary	회전으로 원본 밖을 참조할 때 출력 외곽 픽셀을 채우는 방식입니다.	The policy used to fill output border pixels that reference outside the source during rotation.
VisionTool.ParameterGuide.RotateScale.Border.Impact	Constant는 기본 검정 외곽을 만들고 Replicate/Reflect/Wrap 계열은 주변 값을 연장해 서로 다른 인공 경계를 만들 수 있습니다.	Constant creates the default black border; Replicate, Reflect, or Wrap variants extend surrounding values and can create different artificial edges.
VisionTool.ParameterGuide.RotateScale.Border.Check	회전된 Preview 외곽의 검정 띠·반복 무늬·인공 엣지와 후속 Blob/Contour 후보를 확인하세요.	Check black bands, repeated patterns, artificial edges, and downstream Blob or Contour candidates near the rotated Preview border.
VisionTool.ParameterGuide.Mean.Type.Summary	ROI와 공통 전처리 결과에서 계산해 보고할 통계량을 선택합니다. Mean은 평균 밝기 GV이고 MeanStdDev는 밝기의 표준편차 GV입니다.	Selects the statistic reported from the ROI after common preprocessing. Mean is average intensity in GV; MeanStdDev is intensity standard deviation in GV.
VisionTool.ParameterGuide.Mean.Type.Impact	MeanStdDev로 바꾸면 결과의 의미가 밝기에서 대비·산포로 바뀝니다. 따라서 기존 Min/Max와 Pipeline 판정값을 그대로 재사용하면 안 됩니다.	Switching to MeanStdDev changes the result meaning from brightness to contrast or spread, so existing Min/Max and Pipeline acceptance values must not be reused unchanged.
VisionTool.ParameterGuide.Mean.Type.BestWhen	노출·표면 밝기 변화는 Mean, 균일도·텍스처·대비 변화는 MeanStdDev로 시작하세요.	Start with Mean for exposure or surface-brightness change, and MeanStdDev for uniformity, texture, or contrast change.
VisionTool.ParameterGuide.Mean.Type.Risk	평균은 국부 결함을 상쇄할 수 있고 표준편차는 노이즈와 텍스처를 결함처럼 키울 수 있습니다. ROI와 전처리 조건을 함께 고정해야 합니다.	An average can hide local defects, while standard deviation can amplify noise or texture as if it were a defect. Freeze ROI and preprocessing conditions together.
VisionTool.ParameterGuide.Mean.Type.Check	Preview 결과의 Type과 측정값을 확인하고 동일한 ROI의 Good/Bad 및 N장 샘플에서 값 분포가 실제 검사 의도와 분리되는지 비교하세요.	Check Type and the measured value in Preview, then compare the same ROI across Good/Bad and N-sample value distributions for separation that matches the inspection intent.
VisionTool.ParameterGuide.Mean.Minimum.Summary	선택한 Mean 통계량이 Direct Preview에서 OK가 되기 위한 포함 최소값입니다. Mean이면 최소 평균 밝기, MeanStdDev이면 최소 표준편차입니다.	The inclusive lower limit for the selected Mean statistic in Direct Preview. It is minimum average brightness for Mean and minimum standard deviation for MeanStdDev.
VisionTool.ParameterGuide.Mean.Minimum.Impact	높이면 어둡거나 저대비인 결과를 더 엄격하게 NG로 만들고, 낮추면 허용 범위가 넓어집니다. 영상 자체나 계산된 통계값은 바꾸지 않습니다.	Raising rejects darker or lower-contrast results more strictly; lowering widens acceptance. It does not change the image or the calculated statistic.
VisionTool.ParameterGuide.Mean.Minimum.BestWhen	Good 샘플 분포의 낮은 쪽과 허용할 공정 변동을 확인한 뒤 여유를 포함해 설정하세요.	Set it from the low side of the Good-sample distribution plus the process variation that must remain acceptable.
VisionTool.ParameterGuide.Mean.Minimum.Risk	한 장에 맞춘 높은 최소값은 정상 노출·재질 변동을 과검출합니다. Pipeline에서는 별도 Acceptance minimum도 함께 확인해야 합니다.	A high minimum tuned to one image can false-reject normal exposure or material variation. In Pipeline, also verify the separate Acceptance minimum.
VisionTool.ParameterGuide.Mean.Minimum.Check	Preview의 측정값과 Range 판정을 확인하고 Good 최솟값·Bad 값·여유를 비교하세요. 저장된 Pipeline은 AcceptanceMetricName/Minimum이 이 값과 일치하는지도 확인하세요.	Check the measured value and Range decision in Preview against Good minimum, Bad values, and margin. For a saved Pipeline, also verify AcceptanceMetricName/Minimum agrees with this intent.
VisionTool.ParameterGuide.Mean.Maximum.Summary	선택한 Mean 통계량이 Direct Preview에서 OK가 되기 위한 포함 최대값입니다. Mean이면 최대 평균 밝기, MeanStdDev이면 최대 표준편차입니다.	The inclusive upper limit for the selected Mean statistic in Direct Preview. It is maximum average brightness for Mean and maximum standard deviation for MeanStdDev.
VisionTool.ParameterGuide.Mean.Maximum.Impact	낮추면 밝거나 고대비인 결과를 더 엄격하게 NG로 만들고, 높이면 허용 범위가 넓어집니다. 영상 자체나 계산된 통계값은 바꾸지 않습니다.	Lowering rejects brighter or higher-contrast results more strictly; raising widens acceptance. It does not change the image or the calculated statistic.
VisionTool.ParameterGuide.Mean.Maximum.BestWhen	Good 샘플 분포의 높은 쪽과 허용할 공정 변동을 확인한 뒤 여유를 포함해 설정하세요.	Set it from the high side of the Good-sample distribution plus the process variation that must remain acceptable.
VisionTool.ParameterGuide.Mean.Maximum.Risk	한 장에 맞춘 낮은 최대값은 정상 하이라이트·표면 변화·텍스처를 과검출합니다. Pipeline에서는 별도 Acceptance maximum도 함께 확인해야 합니다.	A low maximum tuned to one image can false-reject normal highlights, surface variation, or texture. In Pipeline, also verify the separate Acceptance maximum.
VisionTool.ParameterGuide.Mean.Maximum.Check	Preview의 측정값과 Range 판정을 확인하고 Good 최댓값·Bad 값·여유를 비교하세요. 저장된 Pipeline은 AcceptanceMetricName/Maximum이 이 값과 일치하는지도 확인하세요.	Check the measured value and Range decision in Preview against Good maximum, Bad values, and margin. For a saved Pipeline, also verify AcceptanceMetricName/Maximum agrees with this intent.
VisionTool.ParameterGuide.FeatureMatching.Pattern.Summary	특징점을 추출할 템플릿 이미지 파일 경로입니다. 파일이 없거나 읽을 수 없으면 Feature Matching은 실행 전에 실패합니다.	The template image file path used for feature extraction. Feature Matching fails before execution when the file is missing or unreadable.
VisionTool.ParameterGuide.FeatureMatching.Pattern.Impact	템플릿 크롭이 물체의 특징점과 물리적 정체성을 결정합니다. 평탄한 영역·반복 무늬·과도한 배경은 특징 부족이나 잘못된 homography를 늘립니다.	The template crop defines the object's keypoints and physical identity. Flat areas, repeated texture, or excessive background increase missing features or wrong homographies.
VisionTool.ParameterGuide.FeatureMatching.Pattern.BestWhen	조명과 공정 변동에서도 유지되는 코너·텍스처가 충분하고 대상 밖 배경은 적은 작고 명확한 크롭을 사용하세요.	Use a compact, clear crop with enough corners and texture that remain stable across lighting and process variation, and little background outside the target.
VisionTool.ParameterGuide.FeatureMatching.Pattern.Risk	한 PC의 절대 경로나 이동된 파일은 Recipe 이식성을 깨뜨립니다. 템플릿과 입력에는 동일한 활성 공통 전처리가 적용되므로 전처리 변경도 다시 검증해야 합니다.	An absolute path tied to one PC or a moved file breaks recipe portability. The same active common preprocessing is applied to template and input, so preprocessing changes require revalidation.
VisionTool.ParameterGuide.FeatureMatching.Pattern.Check	템플릿 준비 상태, 실패 진단의 Template/Source keypoint와 GoodMatches 수, 변환 사각형 위치, ScoreMax와 Good/Bad·N장 재현성을 확인하세요.	Check template readiness, Template/Source keypoint and GoodMatches counts in diagnostics, transformed quadrilateral position, ScoreMax, and Good/Bad plus N-sample repeatability.
VisionTool.ParameterGuide.FeatureMatching.Ratio.Summary	가장 가까운 descriptor 거리가 두 번째 거리의 이 비율보다 작을 때만 대응점을 남기는 Lowe ratio 임계값입니다.	The Lowe ratio threshold: a descriptor pair is kept only when its nearest distance is less than this ratio times the second-nearest distance.
VisionTool.ParameterGuide.FeatureMatching.Ratio.Impact	값이 작을수록 더 엄격해 GoodMatches가 줄고, 클수록 더 많은 대응점을 남기지만 반복 무늬와 모호한 대응도 늘어납니다. homography에는 최소 4개가 필요합니다.	Smaller values are stricter and reduce GoodMatches; larger values keep more correspondences but add repeated-texture and ambiguous matches. Homography needs at least four.
VisionTool.ParameterGuide.FeatureMatching.Ratio.BestWhen	먼저 특징이 풍부한 템플릿과 검색 ROI를 고정하고, Good/Bad·N장 샘플에서 충분한 GoodMatches와 안정된 변환을 함께 만족하는 가장 엄격한 값으로 시작하세요.	First freeze a feature-rich template and search ROI, then start with the strictest value that still gives enough GoodMatches and stable transforms across Good/Bad and N-samples.
VisionTool.ParameterGuide.FeatureMatching.Ratio.Risk	이 값은 결과 합격 점수가 아닙니다. 0.6은 60% Score가 아니며 높이면 더 관대해져 잘못된 대응과 homography가 늘 수 있습니다.	This is not the result acceptance score. A value of 0.6 is not a 60% Score; raising it is more permissive and can increase wrong correspondences and homographies.
VisionTool.ParameterGuide.FeatureMatching.Ratio.Check	실패 진단의 GoodMatches·keypoint 수와 변환 사각형을 확인하고, 별도 결과 ScoreMax는 RANSAC inlier 비율 0..100이라는 점을 구분해 비교하세요.	Check GoodMatches and keypoint counts in failure diagnostics and the transformed quadrilateral; separately compare result ScoreMax as a 0..100 RANSAC inlier percentage.
VisionTool.ParameterGuide.FeatureMatching.Ransac.Summary	homography 계산에서 대응점을 inlier로 인정하는 최대 재투영 오차이며 단위는 픽셀입니다.	The maximum reprojection error for accepting a correspondence as a homography inlier, measured in pixels.
VisionTool.ParameterGuide.FeatureMatching.Ransac.Impact	작으면 기하적으로 어긋난 대응을 엄격히 버리지만 homography가 실패할 수 있고, 크면 inlier와 결과 Score가 늘지만 왜곡되거나 잘못된 변환도 통과할 수 있습니다.	Smaller values reject geometric mismatch strictly but may fail homography; larger values increase inliers and result Score but can admit distorted or wrong transforms.
VisionTool.ParameterGuide.FeatureMatching.Ransac.BestWhen	영상 해상도와 정상 위치 오차를 기준으로 작게 시작하고, Good 샘플에서 변환 사각형이 안정되면서 필요한 inlier가 유지되는 범위만 허용하세요.	Start small from image resolution and expected localization error, allowing only the range that keeps enough inliers while the transformed quadrilateral stays stable on Good samples.
VisionTool.ParameterGuide.FeatureMatching.Ransac.Risk	너무 큰 값은 잘못된 대응을 inlier로 세어 ScoreMax를 부풀리고, 너무 작은 값은 정상 블러·스케일·특징 위치 오차에도 검출 실패를 만듭니다.	Too large counts wrong correspondences as inliers and inflates ScoreMax; too small causes failures from normal blur, scale, or feature-location error.
VisionTool.ParameterGuide.FeatureMatching.Ransac.Check	Preview의 변환 사각형·중심·크기·각도와 ScoreMax를 함께 보고 Good/Bad·N장 샘플에서 틀린 위치가 높은 점수로 통과하지 않는지 확인하세요.	Inspect transformed quadrilateral, center, size, angle, and ScoreMax together, and verify on Good/Bad and N-samples that wrong locations do not pass with high scores.
VisionTool.ParameterGuide.InactiveValueFormat	현재 비활성: {0} 값이 {1}일 때 사용됩니다.	Currently inactive: used when {0} is {1}.
